subject_id,run_id,epoch_id,y_label,heuristic_id_score
s01,s01_ex01_s02,s01_ex01_s02_epoch000,0,67
s01,s01_ex01_s02,s01_ex01_s02_epoch001,0,64
s01,s01_ex01_s02,s01_ex01_s02_epoch002,0,58
s01,s01_ex01_s02,s01_ex01_s02_epoch003,0,68
s01,s01_ex01_s02,s01_ex01_s02_epoch004,0,74
s01,s01_ex01_s02,s01_ex01_s02_epoch005,0,90
s01,s01_ex01_s02,s01_ex01_s02_epoch006,0,57
s01,s01_ex01_s02,s01_ex01_s02_epoch007,0,69
s01,s01_ex01_s02,s01_ex01_s02_epoch008,0,62
s01,s01_ex01_s02,s01_ex01_s02_epoch009,0,91
s01,s01_ex01_s02,s01_ex01_s02_epoch010,0,94
s01,s01_ex01_s02,s01_ex01_s02_epoch011,0,84
s01,s01_ex01_s02,s01_ex01_s02_epoch012,0,73
s01,s01_ex01_s02,s01_ex01_s02_epoch013,0,73
s01,s01_ex01_s02,s01_ex01_s02_epoch014,0,85
s01,s01_ex01_s02,s01_ex01_s02_epoch015,0,61
s01,s01_ex01_s02,s01_ex01_s02_epoch016,0,51
s01,s01_ex01_s02,s01_ex01_s02_epoch017,0,61
s01,s01_ex01_s02,s01_ex01_s02_epoch018,0,69
s01,s01_ex01_s02,s01_ex01_s02_epoch019,0,64
s01,s01_ex01_s02,s01_ex01_s02_epoch020,0,64
s01,s01_ex01_s02,s01_ex01_s02_epoch021,0,66
s01,s01_ex01_s02,s01_ex01_s02_epoch022,0,71
s01,s01_ex01_s02,s01_ex01_s02_epoch023,0,73
s01,s01_ex01_s03,s01_ex01_s03_epoch000,0,73
s01,s01_ex01_s03,s01_ex01_s03_epoch001,0,67
s01,s01_ex01_s03,s01_ex01_s03_epoch002,0,68
s01,s01_ex01_s03,s01_ex01_s03_epoch003,0,68
s01,s01_ex01_s03,s01_ex01_s03_epoch004,0,72
s01,s01_ex01_s03,s01_ex01_s03_epoch005,0,58
s01,s01_ex01_s03,s01_ex01_s03_epoch006,0,57
s01,s01_ex01_s03,s01_ex01_s03_epoch007,0,62
s01,s01_ex01_s03,s01_ex01_s03_epoch008,0,61
s01,s01_ex01_s03,s01_ex01_s03_epoch009,0,57
s01,s01_ex01_s03,s01_ex01_s03_epoch010,0,63
s01,s01_ex01_s03,s01_ex01_s03_epoch011,0,67
s01,s01_ex01_s03,s01_ex01_s03_epoch012,0,69
s01,s01_ex01_s03,s01_ex01_s03_epoch013,0,62
s01,s01_ex01_s03,s01_ex01_s03_epoch014,0,66
s01,s01_ex01_s03,s01_ex01_s03_epoch015,0,58
s01,s01_ex01_s03,s01_ex01_s03_epoch016,0,59
s01,s01_ex01_s03,s01_ex01_s03_epoch017,0,64
s01,s01_ex01_s03,s01_ex01_s03_epoch018,0,68
s01,s01_ex01_s03,s01_ex01_s03_epoch019,0,66
s01,s01_ex01_s03,s01_ex01_s03_epoch020,0,65
s01,s01_ex01_s03,s01_ex01_s03_epoch021,0,71
s01,s01_ex01_s03,s01_ex01_s03_epoch022,0,64
s01,s01_ex01_s03,s01_ex01_s03_epoch023,0,67
s01,s01_ex02_s01,s01_ex02_s01_epoch000,0,75
s01,s01_ex02_s01,s01_ex02_s01_epoch001,0,62
s01,s01_ex02_s01,s01_ex02_s01_epoch002,0,66
s01,s01_ex02_s01,s01_ex02_s01_epoch003,0,70
s01,s01_ex02_s01,s01_ex02_s01_epoch004,0,70
s01,s01_ex02_s01,s01_ex02_s01_epoch005,0,69
s01,s01_ex02_s01,s01_ex02_s01_epoch006,0,70
s01,s01_ex02_s01,s01_ex02_s01_epoch007,0,65
s01,s01_ex02_s01,s01_ex02_s01_epoch008,0,69
s01,s01_ex02_s01,s01_ex02_s01_epoch009,0,65
s01,s01_ex02_s01,s01_ex02_s01_epoch010,0,70
s01,s01_ex02_s01,s01_ex02_s01_epoch011,0,63
s01,s01_ex02_s01,s01_ex02_s01_epoch012,0,74
s01,s01_ex02_s01,s01_ex02_s01_epoch013,0,73
s01,s01_ex02_s01,s01_ex02_s01_epoch014,0,65
s01,s01_ex02_s01,s01_ex02_s01_epoch015,0,62
s01,s01_ex02_s01,s01_ex02_s01_epoch016,0,65
s01,s01_ex02_s01,s01_ex02_s01_epoch017,0,65
s01,s01_ex02_s01,s01_ex02_s01_epoch018,0,64
s01,s01_ex02_s01,s01_ex02_s01_epoch019,0,63
s01,s01_ex02_s01,s01_ex02_s01_epoch020,0,65
s01,s01_ex02_s01,s01_ex02_s01_epoch021,0,62
s01,s01_ex02_s01,s01_ex02_s01_epoch022,0,71
s01,s01_ex02_s01,s01_ex02_s01_epoch023,0,71
s01,s01_ex02_s02,s01_ex02_s02_epoch000,0,81
s01,s01_ex02_s02,s01_ex02_s02_epoch001,0,70
s01,s01_ex02_s02,s01_ex02_s02_epoch002,0,66
s01,s01_ex02_s02,s01_ex02_s02_epoch003,0,66
s01,s01_ex02_s02,s01_ex02_s02_epoch004,0,74
s01,s01_ex02_s02,s01_ex02_s02_epoch005,0,66
s01,s01_ex02_s02,s01_ex02_s02_epoch006,0,65
s01,s01_ex02_s02,s01_ex02_s02_epoch007,0,69
s01,s01_ex02_s02,s01_ex02_s02_epoch008,0,68
s01,s01_ex02_s02,s01_ex02_s02_epoch009,0,66
s01,s01_ex02_s02,s01_ex02_s02_epoch010,0,68
s01,s01_ex02_s02,s01_ex02_s02_epoch011,0,74
s01,s01_ex02_s02,s01_ex02_s02_epoch012,0,67
s01,s01_ex02_s02,s01_ex02_s02_epoch013,0,70
s01,s01_ex02_s02,s01_ex02_s02_epoch014,0,67
s01,s01_ex02_s02,s01_ex02_s02_epoch015,0,67
s01,s01_ex02_s02,s01_ex02_s02_epoch016,0,67
s01,s01_ex02_s02,s01_ex02_s02_epoch017,0,64
s01,s01_ex02_s02,s01_ex02_s02_epoch018,0,72
s01,s01_ex02_s02,s01_ex02_s02_epoch019,0,65
s01,s01_ex02_s02,s01_ex02_s02_epoch020,0,66
s01,s01_ex02_s02,s01_ex02_s02_epoch021,0,71
s01,s01_ex02_s02,s01_ex02_s02_epoch022,0,60
s01,s01_ex02_s02,s01_ex02_s02_epoch023,0,70
s01,s01_ex02_s03,s01_ex02_s03_epoch000,0,69
s01,s01_ex02_s03,s01_ex02_s03_epoch001,0,70
s01,s01_ex02_s03,s01_ex02_s03_epoch002,0,75
s01,s01_ex02_s03,s01_ex02_s03_epoch003,0,73
s01,s01_ex02_s03,s01_ex02_s03_epoch004,0,74
s01,s01_ex02_s03,s01_ex02_s03_epoch005,0,66
s01,s01_ex02_s03,s01_ex02_s03_epoch006,0,61
s01,s01_ex02_s03,s01_ex02_s03_epoch007,0,65
s01,s01_ex02_s03,s01_ex02_s03_epoch008,0,65
s01,s01_ex02_s03,s01_ex02_s03_epoch009,0,71
s01,s01_ex02_s03,s01_ex02_s03_epoch010,0,72
s01,s01_ex02_s03,s01_ex02_s03_epoch011,0,67
s01,s01_ex02_s03,s01_ex02_s03_epoch012,0,71
s01,s01_ex02_s03,s01_ex02_s03_epoch013,0,71
s01,s01_ex02_s03,s01_ex02_s03_epoch014,0,60
s01,s01_ex02_s03,s01_ex02_s03_epoch015,0,66
s01,s01_ex02_s03,s01_ex02_s03_epoch016,0,66
s01,s01_ex02_s03,s01_ex02_s03_epoch017,0,65
s01,s01_ex02_s03,s01_ex02_s03_epoch018,0,79
s01,s01_ex02_s03,s01_ex02_s03_epoch019,0,72
s01,s01_ex02_s03,s01_ex02_s03_epoch020,0,74
s01,s01_ex02_s03,s01_ex02_s03_epoch021,0,64
s01,s01_ex02_s03,s01_ex02_s03_epoch022,0,74
s01,s01_ex02_s03,s01_ex02_s03_epoch023,0,80
s01,s01_ex05,s01_ex05_epoch000,0,73
s01,s01_ex05,s01_ex05_epoch001,0,78
s01,s01_ex05,s01_ex05_epoch002,0,69
s01,s01_ex05,s01_ex05_epoch003,0,72
s01,s01_ex05,s01_ex05_epoch004,0,90
s01,s01_ex05,s01_ex05_epoch005,0,72
s01,s01_ex05,s01_ex05_epoch006,0,82
s01,s01_ex05,s01_ex05_epoch007,0,69
s01,s01_ex05,s01_ex05_epoch008,0,79
s01,s01_ex05,s01_ex05_epoch009,0,75
s01,s01_ex05,s01_ex05_epoch010,0,83
s01,s01_ex05,s01_ex05_epoch011,0,69
s01,s01_ex05,s01_ex05_epoch012,0,68
s01,s01_ex05,s01_ex05_epoch013,0,66
s01,s01_ex05,s01_ex05_epoch014,0,70
s01,s01_ex05,s01_ex05_epoch015,0,78
s01,s01_ex05,s01_ex05_epoch016,0,68
s01,s01_ex05,s01_ex05_epoch017,0,64
s01,s01_ex05,s01_ex05_epoch018,0,64
s01,s01_ex05,s01_ex05_epoch019,0,66
s01,s01_ex05,s01_ex05_epoch020,0,71
s01,s01_ex05,s01_ex05_epoch021,0,82
s01,s01_ex05,s01_ex05_epoch022,0,81
s01,s01_ex05,s01_ex05_epoch023,0,71
s01,s01_ex06,s01_ex06_epoch000,0,80
s01,s01_ex06,s01_ex06_epoch001,0,70
s01,s01_ex06,s01_ex06_epoch002,0,61
s01,s01_ex06,s01_ex06_epoch003,0,79
s01,s01_ex06,s01_ex06_epoch004,0,70
s01,s01_ex06,s01_ex06_epoch005,0,68
s01,s01_ex06,s01_ex06_epoch006,0,72
s01,s01_ex06,s01_ex06_epoch007,0,72
s01,s01_ex06,s01_ex06_epoch008,0,82
s01,s01_ex06,s01_ex06_epoch009,0,74
s01,s01_ex06,s01_ex06_epoch010,0,86
s01,s01_ex06,s01_ex06_epoch011,0,70
s01,s01_ex06,s01_ex06_epoch012,0,81
s01,s01_ex06,s01_ex06_epoch013,0,66
s01,s01_ex06,s01_ex06_epoch014,0,68
s01,s01_ex06,s01_ex06_epoch015,0,65
s01,s01_ex06,s01_ex06_epoch016,0,64
s01,s01_ex06,s01_ex06_epoch017,0,63
s01,s01_ex06,s01_ex06_epoch018,0,67
s01,s01_ex06,s01_ex06_epoch019,0,70
s01,s01_ex06,s01_ex06_epoch020,0,79
s01,s01_ex06,s01_ex06_epoch021,0,69
s01,s01_ex06,s01_ex06_epoch022,0,74
s01,s01_ex06,s01_ex06_epoch023,0,63
s01,s01_ex07,s01_ex07_epoch000,0,71
s01,s01_ex07,s01_ex07_epoch001,0,71
s01,s01_ex07,s01_ex07_epoch002,0,62
s01,s01_ex07,s01_ex07_epoch003,0,60
s01,s01_ex07,s01_ex07_epoch004,0,70
s01,s01_ex07,s01_ex07_epoch005,0,60
s01,s01_ex07,s01_ex07_epoch006,0,71
s01,s01_ex07,s01_ex07_epoch007,0,66
s01,s01_ex07,s01_ex07_epoch008,0,66
s01,s01_ex07,s01_ex07_epoch009,0,66
s01,s01_ex07,s01_ex07_epoch010,0,75
s01,s01_ex07,s01_ex07_epoch011,0,63
s01,s01_ex07,s01_ex07_epoch012,0,60
s01,s01_ex07,s01_ex07_epoch013,0,75
s01,s01_ex07,s01_ex07_epoch014,0,71
s01,s01_ex07,s01_ex07_epoch015,0,63
s01,s01_ex07,s01_ex07_epoch016,0,68
s01,s01_ex07,s01_ex07_epoch017,0,70
s01,s01_ex07,s01_ex07_epoch018,0,70
s01,s01_ex07,s01_ex07_epoch019,0,59
s01,s01_ex07,s01_ex07_epoch020,0,67
s01,s01_ex07,s01_ex07_epoch021,0,66
s01,s01_ex07,s01_ex07_epoch022,0,64
s01,s01_ex07,s01_ex07_epoch023,0,71
s01,s01_ex08,s01_ex08_epoch000,0,68
s01,s01_ex08,s01_ex08_epoch001,0,69
s01,s01_ex08,s01_ex08_epoch002,0,68
s01,s01_ex08,s01_ex08_epoch003,0,75
s01,s01_ex08,s01_ex08_epoch004,0,71
s01,s01_ex08,s01_ex08_epoch005,0,66
s01,s01_ex08,s01_ex08_epoch006,0,60
s01,s01_ex08,s01_ex08_epoch007,0,68
s01,s01_ex08,s01_ex08_epoch008,0,76
s01,s01_ex08,s01_ex08_epoch009,0,72
s01,s01_ex08,s01_ex08_epoch010,0,74
s01,s01_ex08,s01_ex08_epoch011,0,85
s01,s01_ex08,s01_ex08_epoch012,0,94
s01,s01_ex08,s01_ex08_epoch013,0,91
s01,s01_ex08,s01_ex08_epoch014,0,73
s01,s01_ex08,s01_ex08_epoch015,0,69
s01,s01_ex08,s01_ex08_epoch016,0,66
s01,s01_ex08,s01_ex08_epoch017,0,75
s01,s01_ex08,s01_ex08_epoch018,0,71
s01,s01_ex08,s01_ex08_epoch019,0,64
s01,s01_ex08,s01_ex08_epoch020,0,66
s01,s01_ex08,s01_ex08_epoch021,0,69
s01,s01_ex08,s01_ex08_epoch022,0,70
s01,s01_ex08,s01_ex08_epoch023,0,71
s01,s01_ex09,s01_ex09_epoch000,0,64
s01,s01_ex09,s01_ex09_epoch001,0,81
s01,s01_ex09,s01_ex09_epoch002,0,78
s01,s01_ex09,s01_ex09_epoch003,0,65
s01,s01_ex09,s01_ex09_epoch004,0,74
s01,s01_ex09,s01_ex09_epoch005,0,80
s01,s01_ex09,s01_ex09_epoch006,0,85
s01,s01_ex09,s01_ex09_epoch007,0,64
s01,s01_ex09,s01_ex09_epoch008,0,70
s01,s01_ex09,s01_ex09_epoch009,0,71
s01,s01_ex09,s01_ex09_epoch010,0,69
s01,s01_ex09,s01_ex09_epoch011,0,69
s01,s01_ex09,s01_ex09_epoch012,0,67
s01,s01_ex09,s01_ex09_epoch013,0,68
s01,s01_ex09,s01_ex09_epoch014,0,69
s01,s01_ex09,s01_ex09_epoch015,0,68
s01,s01_ex09,s01_ex09_epoch016,0,70
s01,s01_ex09,s01_ex09_epoch017,0,68
s01,s01_ex09,s01_ex09_epoch018,0,63
s01,s01_ex09,s01_ex09_epoch019,0,66
s01,s01_ex09,s01_ex09_epoch020,0,67
s01,s01_ex09,s01_ex09_epoch021,0,81
s01,s01_ex09,s01_ex09_epoch022,0,72
s01,s01_ex09,s01_ex09_epoch023,0,67
s01,s01_ex10,s01_ex10_epoch000,0,89
s01,s01_ex10,s01_ex10_epoch001,0,72
s01,s01_ex10,s01_ex10_epoch002,0,80
s01,s01_ex10,s01_ex10_epoch003,0,67
s01,s01_ex10,s01_ex10_epoch004,0,70
s01,s01_ex10,s01_ex10_epoch005,0,71
s01,s01_ex10,s01_ex10_epoch006,0,76
s01,s01_ex10,s01_ex10_epoch007,0,65
s01,s01_ex10,s01_ex10_epoch008,0,69
s01,s01_ex10,s01_ex10_epoch009,0,69
s01,s01_ex10,s01_ex10_epoch010,0,72
s01,s01_ex10,s01_ex10_epoch011,0,70
s01,s01_ex10,s01_ex10_epoch012,0,70
s01,s01_ex10,s01_ex10_epoch013,0,70
s01,s01_ex10,s01_ex10_epoch014,0,66
s01,s01_ex10,s01_ex10_epoch015,0,70
s01,s01_ex10,s01_ex10_epoch016,0,71
s01,s01_ex10,s01_ex10_epoch017,0,71
s01,s01_ex10,s01_ex10_epoch018,0,68
s01,s01_ex10,s01_ex10_epoch019,0,67
s01,s01_ex10,s01_ex10_epoch020,0,66
s01,s01_ex10,s01_ex10_epoch021,0,68
s01,s01_ex10,s01_ex10_epoch022,0,68
s01,s01_ex10,s01_ex10_epoch023,0,73
s02,s02_ex01_s01,s02_ex01_s01_epoch000,1,57
s02,s02_ex01_s01,s02_ex01_s01_epoch001,1,78
s02,s02_ex01_s01,s02_ex01_s01_epoch002,1,91
s02,s02_ex01_s01,s02_ex01_s01_epoch003,1,66
s02,s02_ex01_s01,s02_ex01_s01_epoch004,1,63
s02,s02_ex01_s01,s02_ex01_s01_epoch005,1,57
s02,s02_ex01_s01,s02_ex01_s01_epoch006,1,52
s02,s02_ex01_s01,s02_ex01_s01_epoch007,1,58
s02,s02_ex01_s01,s02_ex01_s01_epoch008,1,68
s02,s02_ex01_s01,s02_ex01_s01_epoch009,1,51
s02,s02_ex01_s01,s02_ex01_s01_epoch010,1,52
s02,s02_ex01_s01,s02_ex01_s01_epoch011,1,59
s02,s02_ex01_s01,s02_ex01_s01_epoch012,1,55
s02,s02_ex01_s01,s02_ex01_s01_epoch013,1,51
s02,s02_ex01_s01,s02_ex01_s01_epoch014,1,55
s02,s02_ex01_s01,s02_ex01_s01_epoch015,1,59
s02,s02_ex01_s01,s02_ex01_s01_epoch016,1,56
s02,s02_ex01_s01,s02_ex01_s01_epoch017,1,49
s02,s02_ex01_s01,s02_ex01_s01_epoch018,1,63
s02,s02_ex01_s01,s02_ex01_s01_epoch019,1,70
s02,s02_ex01_s01,s02_ex01_s01_epoch020,1,56
s02,s02_ex01_s01,s02_ex01_s01_epoch021,1,90
s02,s02_ex01_s01,s02_ex01_s01_epoch022,1,80
s02,s02_ex01_s01,s02_ex01_s01_epoch023,1,63
s02,s02_ex01_s02,s02_ex01_s02_epoch000,1,60
s02,s02_ex01_s02,s02_ex01_s02_epoch001,1,53
s02,s02_ex01_s02,s02_ex01_s02_epoch002,1,71
s02,s02_ex01_s02,s02_ex01_s02_epoch003,1,56
s02,s02_ex01_s02,s02_ex01_s02_epoch004,1,47
s02,s02_ex01_s02,s02_ex01_s02_epoch005,1,54
s02,s02_ex01_s02,s02_ex01_s02_epoch006,1,63
s02,s02_ex01_s02,s02_ex01_s02_epoch007,1,52
s02,s02_ex01_s02,s02_ex01_s02_epoch008,1,52
s02,s02_ex01_s02,s02_ex01_s02_epoch009,1,56
s02,s02_ex01_s02,s02_ex01_s02_epoch010,1,53
s02,s02_ex01_s02,s02_ex01_s02_epoch011,1,57
s02,s02_ex01_s02,s02_ex01_s02_epoch012,1,57
s02,s02_ex01_s02,s02_ex01_s02_epoch013,1,56
s02,s02_ex01_s02,s02_ex01_s02_epoch014,1,58
s02,s02_ex01_s02,s02_ex01_s02_epoch015,1,51
s02,s02_ex01_s02,s02_ex01_s02_epoch016,1,55
s02,s02_ex01_s02,s02_ex01_s02_epoch017,1,49
s02,s02_ex01_s02,s02_ex01_s02_epoch018,1,54
s02,s02_ex01_s02,s02_ex01_s02_epoch019,1,68
s02,s02_ex01_s02,s02_ex01_s02_epoch020,1,70
s02,s02_ex01_s02,s02_ex01_s02_epoch021,1,52
s02,s02_ex01_s02,s02_ex01_s02_epoch022,1,47
s02,s02_ex01_s02,s02_ex01_s02_epoch023,1,54
s02,s02_ex01_s03,s02_ex01_s03_epoch000,1,64
s02,s02_ex01_s03,s02_ex01_s03_epoch001,1,67
s02,s02_ex01_s03,s02_ex01_s03_epoch002,1,56
s02,s02_ex01_s03,s02_ex01_s03_epoch003,1,53
s02,s02_ex01_s03,s02_ex01_s03_epoch004,1,56
s02,s02_ex01_s03,s02_ex01_s03_epoch005,1,51
s02,s02_ex01_s03,s02_ex01_s03_epoch006,1,45
s02,s02_ex01_s03,s02_ex01_s03_epoch007,1,54
s02,s02_ex01_s03,s02_ex01_s03_epoch008,1,52
s02,s02_ex01_s03,s02_ex01_s03_epoch009,1,56
s02,s02_ex01_s03,s02_ex01_s03_epoch010,1,54
s02,s02_ex01_s03,s02_ex01_s03_epoch011,1,52
s02,s02_ex01_s03,s02_ex01_s03_epoch012,1,47
s02,s02_ex01_s03,s02_ex01_s03_epoch013,1,47
s02,s02_ex01_s03,s02_ex01_s03_epoch014,1,49
s02,s02_ex01_s03,s02_ex01_s03_epoch015,1,48
s02,s02_ex01_s03,s02_ex01_s03_epoch016,1,53
s02,s02_ex01_s03,s02_ex01_s03_epoch017,1,46
s02,s02_ex01_s03,s02_ex01_s03_epoch018,1,49
s02,s02_ex01_s03,s02_ex01_s03_epoch019,1,66
s02,s02_ex01_s03,s02_ex01_s03_epoch020,1,56
s02,s02_ex01_s03,s02_ex01_s03_epoch021,1,44
s02,s02_ex01_s03,s02_ex01_s03_epoch022,1,54
s02,s02_ex01_s03,s02_ex01_s03_epoch023,1,56
s02,s02_ex02_s01,s02_ex02_s01_epoch000,1,65
s02,s02_ex02_s01,s02_ex02_s01_epoch001,1,65
s02,s02_ex02_s01,s02_ex02_s01_epoch002,1,75
s02,s02_ex02_s01,s02_ex02_s01_epoch003,1,59
s02,s02_ex02_s01,s02_ex02_s01_epoch004,1,68
s02,s02_ex02_s01,s02_ex02_s01_epoch005,1,56
s02,s02_ex02_s01,s02_ex02_s01_epoch006,1,59
s02,s02_ex02_s01,s02_ex02_s01_epoch007,1,72
s02,s02_ex02_s01,s02_ex02_s01_epoch008,1,51
s02,s02_ex02_s01,s02_ex02_s01_epoch009,1,72
s02,s02_ex02_s01,s02_ex02_s01_epoch010,1,52
s02,s02_ex02_s01,s02_ex02_s01_epoch011,1,51
s02,s02_ex02_s01,s02_ex02_s01_epoch012,1,50
s02,s02_ex02_s01,s02_ex02_s01_epoch013,1,50
s02,s02_ex02_s01,s02_ex02_s01_epoch014,1,52
s02,s02_ex02_s01,s02_ex02_s01_epoch015,1,87
s02,s02_ex02_s01,s02_ex02_s01_epoch016,1,54
s02,s02_ex02_s01,s02_ex02_s01_epoch017,1,53
s02,s02_ex02_s01,s02_ex02_s01_epoch018,1,50
s02,s02_ex02_s01,s02_ex02_s01_epoch019,1,50
s02,s02_ex02_s01,s02_ex02_s01_epoch020,1,54
s02,s02_ex02_s01,s02_ex02_s01_epoch021,1,52
s02,s02_ex02_s01,s02_ex02_s01_epoch022,1,51
s02,s02_ex02_s01,s02_ex02_s01_epoch023,1,59
s02,s02_ex02_s02,s02_ex02_s02_epoch000,1,53
s02,s02_ex02_s02,s02_ex02_s02_epoch001,1,64
s02,s02_ex02_s02,s02_ex02_s02_epoch002,1,56
s02,s02_ex02_s02,s02_ex02_s02_epoch003,1,51
s02,s02_ex02_s02,s02_ex02_s02_epoch004,1,47
s02,s02_ex02_s02,s02_ex02_s02_epoch005,1,48
s02,s02_ex02_s02,s02_ex02_s02_epoch006,1,54
s02,s02_ex02_s02,s02_ex02_s02_epoch007,1,52
s02,s02_ex02_s02,s02_ex02_s02_epoch008,1,56
s02,s02_ex02_s02,s02_ex02_s02_epoch009,1,53
s02,s02_ex02_s02,s02_ex02_s02_epoch010,1,56
s02,s02_ex02_s02,s02_ex02_s02_epoch011,1,49
s02,s02_ex02_s02,s02_ex02_s02_epoch012,1,57
s02,s02_ex02_s02,s02_ex02_s02_epoch013,1,52
s02,s02_ex02_s02,s02_ex02_s02_epoch014,1,57
s02,s02_ex02_s02,s02_ex02_s02_epoch015,1,54
s02,s02_ex02_s02,s02_ex02_s02_epoch016,1,54
s02,s02_ex02_s02,s02_ex02_s02_epoch017,1,58
s02,s02_ex02_s02,s02_ex02_s02_epoch018,1,62
s02,s02_ex02_s02,s02_ex02_s02_epoch019,1,57
s02,s02_ex02_s02,s02_ex02_s02_epoch020,1,60
s02,s02_ex02_s02,s02_ex02_s02_epoch021,1,56
s02,s02_ex02_s02,s02_ex02_s02_epoch022,1,57
s02,s02_ex02_s02,s02_ex02_s02_epoch023,1,58
s02,s02_ex02_s03,s02_ex02_s03_epoch000,1,57
s02,s02_ex02_s03,s02_ex02_s03_epoch001,1,50
s02,s02_ex02_s03,s02_ex02_s03_epoch002,1,48
s02,s02_ex02_s03,s02_ex02_s03_epoch003,1,53
s02,s02_ex02_s03,s02_ex02_s03_epoch004,1,62
s02,s02_ex02_s03,s02_ex02_s03_epoch005,1,63
s02,s02_ex02_s03,s02_ex02_s03_epoch006,1,55
s02,s02_ex02_s03,s02_ex02_s03_epoch007,1,51
s02,s02_ex02_s03,s02_ex02_s03_epoch008,1,65
s02,s02_ex02_s03,s02_ex02_s03_epoch009,1,63
s02,s02_ex02_s03,s02_ex02_s03_epoch010,1,71
s02,s02_ex02_s03,s02_ex02_s03_epoch011,1,55
s02,s02_ex02_s03,s02_ex02_s03_epoch012,1,61
s02,s02_ex02_s03,s02_ex02_s03_epoch013,1,55
s02,s02_ex02_s03,s02_ex02_s03_epoch014,1,70
s02,s02_ex02_s03,s02_ex02_s03_epoch015,1,67
s02,s02_ex02_s03,s02_ex02_s03_epoch016,1,59
s02,s02_ex02_s03,s02_ex02_s03_epoch017,1,49
s02,s02_ex02_s03,s02_ex02_s03_epoch018,1,67
s02,s02_ex02_s03,s02_ex02_s03_epoch019,1,61
s02,s02_ex02_s03,s02_ex02_s03_epoch020,1,57
s02,s02_ex02_s03,s02_ex02_s03_epoch021,1,59
s02,s02_ex02_s03,s02_ex02_s03_epoch022,1,59
s02,s02_ex02_s03,s02_ex02_s03_epoch023,1,61
s02,s02_ex05,s02_ex05_epoch000,1,78
s02,s02_ex05,s02_ex05_epoch001,1,56
s02,s02_ex05,s02_ex05_epoch002,1,65
s02,s02_ex05,s02_ex05_epoch003,1,70
s02,s02_ex05,s02_ex05_epoch004,1,52
s02,s02_ex05,s02_ex05_epoch005,1,78
s02,s02_ex05,s02_ex05_epoch006,1,77
s02,s02_ex05,s02_ex05_epoch007,1,77
s02,s02_ex05,s02_ex05_epoch008,1,58
s02,s02_ex05,s02_ex05_epoch009,1,62
s02,s02_ex05,s02_ex05_epoch010,1,59
s02,s02_ex05,s02_ex05_epoch011,1,58
s02,s02_ex05,s02_ex05_epoch012,1,59
s02,s02_ex05,s02_ex05_epoch013,1,67
s02,s02_ex05,s02_ex05_epoch014,1,52
s02,s02_ex05,s02_ex05_epoch015,1,56
s02,s02_ex05,s02_ex05_epoch016,1,57
s02,s02_ex05,s02_ex05_epoch017,1,58
s02,s02_ex05,s02_ex05_epoch018,1,55
s02,s02_ex05,s02_ex05_epoch019,1,60
s02,s02_ex05,s02_ex05_epoch020,1,58
s02,s02_ex05,s02_ex05_epoch021,1,54
s02,s02_ex05,s02_ex05_epoch022,1,56
s02,s02_ex05,s02_ex05_epoch023,1,56
s02,s02_ex06,s02_ex06_epoch000,1,62
s02,s02_ex06,s02_ex06_epoch001,1,57
s02,s02_ex06,s02_ex06_epoch002,1,61
s02,s02_ex06,s02_ex06_epoch003,1,55
s02,s02_ex06,s02_ex06_epoch004,1,54
s02,s02_ex06,s02_ex06_epoch005,1,61
s02,s02_ex06,s02_ex06_epoch006,1,50
s02,s02_ex06,s02_ex06_epoch007,1,55
s02,s02_ex06,s02_ex06_epoch008,1,64
s02,s02_ex06,s02_ex06_epoch009,1,52
s02,s02_ex06,s02_ex06_epoch010,1,59
s02,s02_ex06,s02_ex06_epoch011,1,57
s02,s02_ex06,s02_ex06_epoch012,1,56
s02,s02_ex06,s02_ex06_epoch013,1,60
s02,s02_ex06,s02_ex06_epoch014,1,59
s02,s02_ex06,s02_ex06_epoch015,1,60
s02,s02_ex06,s02_ex06_epoch016,1,62
s02,s02_ex06,s02_ex06_epoch017,1,55
s02,s02_ex06,s02_ex06_epoch018,1,57
s02,s02_ex06,s02_ex06_epoch019,1,59
s02,s02_ex06,s02_ex06_epoch020,1,55
s02,s02_ex06,s02_ex06_epoch021,1,61
s02,s02_ex06,s02_ex06_epoch022,1,66
s02,s02_ex06,s02_ex06_epoch023,1,66
s02,s02_ex07,s02_ex07_epoch000,1,52
s02,s02_ex07,s02_ex07_epoch001,1,54
s02,s02_ex07,s02_ex07_epoch002,1,60
s02,s02_ex07,s02_ex07_epoch003,1,53
s02,s02_ex07,s02_ex07_epoch004,1,57
s02,s02_ex07,s02_ex07_epoch005,1,62
s02,s02_ex07,s02_ex07_epoch006,1,58
s02,s02_ex07,s02_ex07_epoch007,1,79
s02,s02_ex07,s02_ex07_epoch008,1,91
s02,s02_ex07,s02_ex07_epoch009,1,67
s02,s02_ex07,s02_ex07_epoch010,1,72
s02,s02_ex07,s02_ex07_epoch011,1,61
s02,s02_ex07,s02_ex07_epoch012,1,70
s02,s02_ex07,s02_ex07_epoch013,1,61
s02,s02_ex07,s02_ex07_epoch014,1,75
s02,s02_ex07,s02_ex07_epoch015,1,66
s02,s02_ex07,s02_ex07_epoch016,1,69
s02,s02_ex07,s02_ex07_epoch017,1,57
s02,s02_ex07,s02_ex07_epoch018,1,58
s02,s02_ex07,s02_ex07_epoch019,1,68
s02,s02_ex07,s02_ex07_epoch020,1,61
s02,s02_ex07,s02_ex07_epoch021,1,52
s02,s02_ex07,s02_ex07_epoch022,1,68
s02,s02_ex07,s02_ex07_epoch023,1,66
s02,s02_ex08,s02_ex08_epoch000,1,54
s02,s02_ex08,s02_ex08_epoch001,1,55
s02,s02_ex08,s02_ex08_epoch002,1,61
s02,s02_ex08,s02_ex08_epoch003,1,65
s02,s02_ex08,s02_ex08_epoch004,1,53
s02,s02_ex08,s02_ex08_epoch005,1,66
s02,s02_ex08,s02_ex08_epoch006,1,59
s02,s02_ex08,s02_ex08_epoch007,1,59
s02,s02_ex08,s02_ex08_epoch008,1,63
s02,s02_ex08,s02_ex08_epoch009,1,68
s02,s02_ex08,s02_ex08_epoch010,1,63
s02,s02_ex08,s02_ex08_epoch011,1,60
s02,s02_ex08,s02_ex08_epoch012,1,55
s02,s02_ex08,s02_ex08_epoch013,1,69
s02,s02_ex08,s02_ex08_epoch014,1,60
s02,s02_ex08,s02_ex08_epoch015,1,64
s02,s02_ex08,s02_ex08_epoch016,1,62
s02,s02_ex08,s02_ex08_epoch017,1,63
s02,s02_ex08,s02_ex08_epoch018,1,61
s02,s02_ex08,s02_ex08_epoch019,1,56
s02,s02_ex08,s02_ex08_epoch020,1,56
s02,s02_ex08,s02_ex08_epoch021,1,65
s02,s02_ex08,s02_ex08_epoch022,1,56
s02,s02_ex08,s02_ex08_epoch023,1,54
s02,s02_ex09,s02_ex09_epoch000,1,53
s02,s02_ex09,s02_ex09_epoch001,1,48
s02,s02_ex09,s02_ex09_epoch002,1,71
s02,s02_ex09,s02_ex09_epoch003,1,68
s02,s02_ex09,s02_ex09_epoch004,1,62
s02,s02_ex09,s02_ex09_epoch005,1,61
s02,s02_ex09,s02_ex09_epoch006,1,57
s02,s02_ex09,s02_ex09_epoch007,1,56
s02,s02_ex09,s02_ex09_epoch008,1,61
s02,s02_ex09,s02_ex09_epoch009,1,65
s02,s02_ex09,s02_ex09_epoch010,1,55
s02,s02_ex09,s02_ex09_epoch011,1,46
s02,s02_ex09,s02_ex09_epoch012,1,61
s02,s02_ex09,s02_ex09_epoch013,1,58
s02,s02_ex09,s02_ex09_epoch014,1,74
s02,s02_ex09,s02_ex09_epoch015,1,78
s02,s02_ex09,s02_ex09_epoch016,1,67
s02,s02_ex09,s02_ex09_epoch017,1,66
s02,s02_ex09,s02_ex09_epoch018,1,65
s02,s02_ex09,s02_ex09_epoch019,1,71
s02,s02_ex09,s02_ex09_epoch020,1,53
s02,s02_ex09,s02_ex09_epoch021,1,54
s02,s02_ex09,s02_ex09_epoch022,1,58
s02,s02_ex09,s02_ex09_epoch023,1,66
s02,s02_ex10,s02_ex10_epoch000,1,61
s02,s02_ex10,s02_ex10_epoch001,1,64
s02,s02_ex10,s02_ex10_epoch002,1,65
s02,s02_ex10,s02_ex10_epoch003,1,69
s02,s02_ex10,s02_ex10_epoch004,1,65
s02,s02_ex10,s02_ex10_epoch005,1,70
s02,s02_ex10,s02_ex10_epoch006,1,77
s02,s02_ex10,s02_ex10_epoch007,1,68
s02,s02_ex10,s02_ex10_epoch008,1,64
s02,s02_ex10,s02_ex10_epoch009,1,61
s02,s02_ex10,s02_ex10_epoch010,1,59
s02,s02_ex10,s02_ex10_epoch011,1,59
s02,s02_ex10,s02_ex10_epoch012,1,58
s02,s02_ex10,s02_ex10_epoch013,1,66
s02,s02_ex10,s02_ex10_epoch014,1,63
s02,s02_ex10,s02_ex10_epoch015,1,59
s02,s02_ex10,s02_ex10_epoch016,1,51
s02,s02_ex10,s02_ex10_epoch017,1,61
s02,s02_ex10,s02_ex10_epoch018,1,56
s02,s02_ex10,s02_ex10_epoch019,1,58
s02,s02_ex10,s02_ex10_epoch020,1,57
s02,s02_ex10,s02_ex10_epoch021,1,59
s02,s02_ex10,s02_ex10_epoch022,1,61
s02,s02_ex10,s02_ex10_epoch023,1,66
s03,s03_ex01_s01,s03_ex01_s01_epoch000,2,65
s03,s03_ex01_s01,s03_ex01_s01_epoch001,2,65
s03,s03_ex01_s01,s03_ex01_s01_epoch002,2,74
s03,s03_ex01_s01,s03_ex01_s01_epoch003,2,71
s03,s03_ex01_s01,s03_ex01_s01_epoch004,2,66
s03,s03_ex01_s01,s03_ex01_s01_epoch005,2,64
s03,s03_ex01_s01,s03_ex01_s01_epoch006,2,64
s03,s03_ex01_s01,s03_ex01_s01_epoch007,2,64
s03,s03_ex01_s01,s03_ex01_s01_epoch008,2,70
s03,s03_ex01_s01,s03_ex01_s01_epoch009,2,69
s03,s03_ex01_s01,s03_ex01_s01_epoch010,2,84
s03,s03_ex01_s01,s03_ex01_s01_epoch011,2,73
s03,s03_ex01_s01,s03_ex01_s01_epoch012,2,70
s03,s03_ex01_s01,s03_ex01_s01_epoch013,2,67
s03,s03_ex01_s01,s03_ex01_s01_epoch014,2,59
s03,s03_ex01_s01,s03_ex01_s01_epoch015,2,55
s03,s03_ex01_s01,s03_ex01_s01_epoch016,2,56
s03,s03_ex01_s01,s03_ex01_s01_epoch017,2,52
s03,s03_ex01_s01,s03_ex01_s01_epoch018,2,59
s03,s03_ex01_s01,s03_ex01_s01_epoch019,2,56
s03,s03_ex01_s01,s03_ex01_s01_epoch020,2,62
s03,s03_ex01_s01,s03_ex01_s01_epoch021,2,63
s03,s03_ex01_s01,s03_ex01_s01_epoch022,2,63
s03,s03_ex01_s01,s03_ex01_s01_epoch023,2,67
s03,s03_ex01_s02,s03_ex01_s02_epoch000,2,56
s03,s03_ex01_s02,s03_ex01_s02_epoch001,2,56
s03,s03_ex01_s02,s03_ex01_s02_epoch002,2,62
s03,s03_ex01_s02,s03_ex01_s02_epoch003,2,63
s03,s03_ex01_s02,s03_ex01_s02_epoch004,2,69
s03,s03_ex01_s02,s03_ex01_s02_epoch005,2,62
s03,s03_ex01_s02,s03_ex01_s02_epoch006,2,62
s03,s03_ex01_s02,s03_ex01_s02_epoch007,2,63
s03,s03_ex01_s02,s03_ex01_s02_epoch008,2,64
s03,s03_ex01_s02,s03_ex01_s02_epoch009,2,65
s03,s03_ex01_s02,s03_ex01_s02_epoch010,2,63
s03,s03_ex01_s02,s03_ex01_s02_epoch011,2,64
s03,s03_ex01_s02,s03_ex01_s02_epoch012,2,76
s03,s03_ex01_s02,s03_ex01_s02_epoch013,2,62
s03,s03_ex01_s02,s03_ex01_s02_epoch014,2,62
s03,s03_ex01_s02,s03_ex01_s02_epoch015,2,78
s03,s03_ex01_s02,s03_ex01_s02_epoch016,2,93
s03,s03_ex01_s02,s03_ex01_s02_epoch017,2,88
s03,s03_ex01_s02,s03_ex01_s02_epoch018,2,59
s03,s03_ex01_s02,s03_ex01_s02_epoch019,2,61
s03,s03_ex01_s02,s03_ex01_s02_epoch020,2,63
s03,s03_ex01_s02,s03_ex01_s02_epoch021,2,70
s03,s03_ex01_s02,s03_ex01_s02_epoch022,2,67
s03,s03_ex01_s02,s03_ex01_s02_epoch023,2,78
s03,s03_ex01_s03,s03_ex01_s03_epoch000,2,62
s03,s03_ex01_s03,s03_ex01_s03_epoch001,2,62
s03,s03_ex01_s03,s03_ex01_s03_epoch002,2,92
s03,s03_ex01_s03,s03_ex01_s03_epoch003,2,70
s03,s03_ex01_s03,s03_ex01_s03_epoch004,2,69
s03,s03_ex01_s03,s03_ex01_s03_epoch005,2,78
s03,s03_ex01_s03,s03_ex01_s03_epoch006,2,62
s03,s03_ex01_s03,s03_ex01_s03_epoch007,2,60
s03,s03_ex01_s03,s03_ex01_s03_epoch008,2,70
s03,s03_ex01_s03,s03_ex01_s03_epoch009,2,64
s03,s03_ex01_s03,s03_ex01_s03_epoch010,2,63
s03,s03_ex01_s03,s03_ex01_s03_epoch011,2,62
s03,s03_ex01_s03,s03_ex01_s03_epoch012,2,64
s03,s03_ex01_s03,s03_ex01_s03_epoch013,2,67
s03,s03_ex01_s03,s03_ex01_s03_epoch014,2,58
s03,s03_ex01_s03,s03_ex01_s03_epoch015,2,75
s03,s03_ex01_s03,s03_ex01_s03_epoch016,2,62
s03,s03_ex01_s03,s03_ex01_s03_epoch017,2,62
s03,s03_ex01_s03,s03_ex01_s03_epoch018,2,72
s03,s03_ex01_s03,s03_ex01_s03_epoch019,2,61
s03,s03_ex01_s03,s03_ex01_s03_epoch020,2,62
s03,s03_ex01_s03,s03_ex01_s03_epoch021,2,60
s03,s03_ex01_s03,s03_ex01_s03_epoch022,2,59
s03,s03_ex01_s03,s03_ex01_s03_epoch023,2,69
s03,s03_ex02_s01,s03_ex02_s01_epoch000,2,59
s03,s03_ex02_s01,s03_ex02_s01_epoch001,2,63
s03,s03_ex02_s01,s03_ex02_s01_epoch002,2,59
s03,s03_ex02_s01,s03_ex02_s01_epoch003,2,66
s03,s03_ex02_s01,s03_ex02_s01_epoch004,2,62
s03,s03_ex02_s01,s03_ex02_s01_epoch005,2,58
s03,s03_ex02_s01,s03_ex02_s01_epoch006,2,68
s03,s03_ex02_s01,s03_ex02_s01_epoch007,2,69
s03,s03_ex02_s01,s03_ex02_s01_epoch008,2,78
s03,s03_ex02_s01,s03_ex02_s01_epoch009,2,74
s03,s03_ex02_s01,s03_ex02_s01_epoch010,2,56
s03,s03_ex02_s01,s03_ex02_s01_epoch011,2,79
s03,s03_ex02_s01,s03_ex02_s01_epoch012,2,83
s03,s03_ex02_s01,s03_ex02_s01_epoch013,2,69
s03,s03_ex02_s01,s03_ex02_s01_epoch014,2,67
s03,s03_ex02_s01,s03_ex02_s01_epoch015,2,62
s03,s03_ex02_s01,s03_ex02_s01_epoch016,2,81
s03,s03_ex02_s01,s03_ex02_s01_epoch017,2,80
s03,s03_ex02_s01,s03_ex02_s01_epoch018,2,65
s03,s03_ex02_s01,s03_ex02_s01_epoch019,2,55
s03,s03_ex02_s01,s03_ex02_s01_epoch020,2,55
s03,s03_ex02_s01,s03_ex02_s01_epoch021,2,63
s03,s03_ex02_s01,s03_ex02_s01_epoch022,2,52
s03,s03_ex02_s01,s03_ex02_s01_epoch023,2,58
s03,s03_ex02_s02,s03_ex02_s02_epoch000,2,64
s03,s03_ex02_s02,s03_ex02_s02_epoch001,2,61
s03,s03_ex02_s02,s03_ex02_s02_epoch002,2,59
s03,s03_ex02_s02,s03_ex02_s02_epoch003,2,59
s03,s03_ex02_s02,s03_ex02_s02_epoch004,2,55
s03,s03_ex02_s02,s03_ex02_s02_epoch005,2,62
s03,s03_ex02_s02,s03_ex02_s02_epoch006,2,56
s03,s03_ex02_s02,s03_ex02_s02_epoch007,2,57
s03,s03_ex02_s02,s03_ex02_s02_epoch008,2,59
s03,s03_ex02_s02,s03_ex02_s02_epoch009,2,58
s03,s03_ex02_s02,s03_ex02_s02_epoch010,2,61
s03,s03_ex02_s02,s03_ex02_s02_epoch011,2,87
s03,s03_ex02_s02,s03_ex02_s02_epoch012,2,55
s03,s03_ex02_s02,s03_ex02_s02_epoch013,2,59
s03,s03_ex02_s02,s03_ex02_s02_epoch014,2,53
s03,s03_ex02_s02,s03_ex02_s02_epoch015,2,63
s03,s03_ex02_s02,s03_ex02_s02_epoch016,2,60
s03,s03_ex02_s02,s03_ex02_s02_epoch017,2,54
s03,s03_ex02_s02,s03_ex02_s02_epoch018,2,67
s03,s03_ex02_s02,s03_ex02_s02_epoch019,2,62
s03,s03_ex02_s02,s03_ex02_s02_epoch020,2,58
s03,s03_ex02_s02,s03_ex02_s02_epoch021,2,81
s03,s03_ex02_s02,s03_ex02_s02_epoch022,2,64
s03,s03_ex02_s02,s03_ex02_s02_epoch023,2,70
s03,s03_ex02_s03,s03_ex02_s03_epoch000,2,63
s03,s03_ex02_s03,s03_ex02_s03_epoch001,2,66
s03,s03_ex02_s03,s03_ex02_s03_epoch002,2,73
s03,s03_ex02_s03,s03_ex02_s03_epoch003,2,69
s03,s03_ex02_s03,s03_ex02_s03_epoch004,2,69
s03,s03_ex02_s03,s03_ex02_s03_epoch005,2,55
s03,s03_ex02_s03,s03_ex02_s03_epoch006,2,46
s03,s03_ex02_s03,s03_ex02_s03_epoch007,2,58
s03,s03_ex02_s03,s03_ex02_s03_epoch008,2,66
s03,s03_ex02_s03,s03_ex02_s03_epoch009,2,58
s03,s03_ex02_s03,s03_ex02_s03_epoch010,2,58
s03,s03_ex02_s03,s03_ex02_s03_epoch011,2,66
s03,s03_ex02_s03,s03_ex02_s03_epoch012,2,62
s03,s03_ex02_s03,s03_ex02_s03_epoch013,2,91
s03,s03_ex02_s03,s03_ex02_s03_epoch014,2,62
s03,s03_ex02_s03,s03_ex02_s03_epoch015,2,69
s03,s03_ex02_s03,s03_ex02_s03_epoch016,2,60
s03,s03_ex02_s03,s03_ex02_s03_epoch017,2,59
s03,s03_ex02_s03,s03_ex02_s03_epoch018,2,57
s03,s03_ex02_s03,s03_ex02_s03_epoch019,2,60
s03,s03_ex02_s03,s03_ex02_s03_epoch020,2,55
s03,s03_ex02_s03,s03_ex02_s03_epoch021,2,56
s03,s03_ex02_s03,s03_ex02_s03_epoch022,2,65
s03,s03_ex02_s03,s03_ex02_s03_epoch023,2,62
s03,s03_ex05,s03_ex05_epoch000,2,62
s03,s03_ex05,s03_ex05_epoch001,2,56
s03,s03_ex05,s03_ex05_epoch002,2,69
s03,s03_ex05,s03_ex05_epoch003,2,62
s03,s03_ex05,s03_ex05_epoch004,2,67
s03,s03_ex05,s03_ex05_epoch005,2,61
s03,s03_ex05,s03_ex05_epoch006,2,62
s03,s03_ex05,s03_ex05_epoch007,2,66
s03,s03_ex05,s03_ex05_epoch008,2,62
s03,s03_ex05,s03_ex05_epoch009,2,65
s03,s03_ex05,s03_ex05_epoch010,2,70
s03,s03_ex05,s03_ex05_epoch011,2,63
s03,s03_ex05,s03_ex05_epoch012,2,62
s03,s03_ex05,s03_ex05_epoch013,2,79
s03,s03_ex05,s03_ex05_epoch014,2,66
s03,s03_ex05,s03_ex05_epoch015,2,69
s03,s03_ex05,s03_ex05_epoch016,2,62
s03,s03_ex05,s03_ex05_epoch017,2,64
s03,s03_ex05,s03_ex05_epoch018,2,75
s03,s03_ex05,s03_ex05_epoch019,2,74
s03,s03_ex05,s03_ex05_epoch020,2,71
s03,s03_ex05,s03_ex05_epoch021,2,63
s03,s03_ex05,s03_ex05_epoch022,2,68
s03,s03_ex05,s03_ex05_epoch023,2,75
s03,s03_ex06,s03_ex06_epoch000,2,69
s03,s03_ex06,s03_ex06_epoch001,2,63
s03,s03_ex06,s03_ex06_epoch002,2,88
s03,s03_ex06,s03_ex06_epoch003,2,79
s03,s03_ex06,s03_ex06_epoch004,2,62
s03,s03_ex06,s03_ex06_epoch005,2,70
s03,s03_ex06,s03_ex06_epoch006,2,69
s03,s03_ex06,s03_ex06_epoch007,2,71
s03,s03_ex06,s03_ex06_epoch008,2,62
s03,s03_ex06,s03_ex06_epoch009,2,70
s03,s03_ex06,s03_ex06_epoch010,2,63
s03,s03_ex06,s03_ex06_epoch011,2,61
s03,s03_ex06,s03_ex06_epoch012,2,65
s03,s03_ex06,s03_ex06_epoch013,2,61
s03,s03_ex06,s03_ex06_epoch014,2,65
s03,s03_ex06,s03_ex06_epoch015,2,62
s03,s03_ex06,s03_ex06_epoch016,2,62
s03,s03_ex06,s03_ex06_epoch017,2,68
s03,s03_ex06,s03_ex06_epoch018,2,67
s03,s03_ex06,s03_ex06_epoch019,2,66
s03,s03_ex06,s03_ex06_epoch020,2,65
s03,s03_ex06,s03_ex06_epoch021,2,72
s03,s03_ex06,s03_ex06_epoch022,2,73
s03,s03_ex07,s03_ex07_epoch000,2,82
s03,s03_ex07,s03_ex07_epoch001,2,61
s03,s03_ex07,s03_ex07_epoch002,2,78
s03,s03_ex07,s03_ex07_epoch003,2,81
s03,s03_ex07,s03_ex07_epoch004,2,64
s03,s03_ex07,s03_ex07_epoch005,2,64
s03,s03_ex07,s03_ex07_epoch006,2,61
s03,s03_ex07,s03_ex07_epoch007,2,56
s03,s03_ex07,s03_ex07_epoch008,2,54
s03,s03_ex07,s03_ex07_epoch009,2,59
s03,s03_ex07,s03_ex07_epoch010,2,59
s03,s03_ex07,s03_ex07_epoch011,2,63
s03,s03_ex07,s03_ex07_epoch012,2,67
s03,s03_ex07,s03_ex07_epoch013,2,59
s03,s03_ex07,s03_ex07_epoch014,2,65
s03,s03_ex07,s03_ex07_epoch015,2,59
s03,s03_ex07,s03_ex07_epoch016,2,55
s03,s03_ex07,s03_ex07_epoch017,2,61
s03,s03_ex07,s03_ex07_epoch018,2,55
s03,s03_ex07,s03_ex07_epoch019,2,63
s03,s03_ex07,s03_ex07_epoch020,2,58
s03,s03_ex07,s03_ex07_epoch021,2,53
s03,s03_ex07,s03_ex07_epoch022,2,58
s03,s03_ex07,s03_ex07_epoch023,2,56
s03,s03_ex07,s03_ex07_epoch024,2,60
s03,s03_ex07,s03_ex07_epoch025,2,52
s03,s03_ex07,s03_ex07_epoch026,2,65
s03,s03_ex07,s03_ex07_epoch027,2,61
s03,s03_ex07,s03_ex07_epoch028,2,56
s03,s03_ex07,s03_ex07_epoch029,2,60
s03,s03_ex07,s03_ex07_epoch030,2,61
s03,s03_ex07,s03_ex07_epoch031,2,72
s03,s03_ex07,s03_ex07_epoch032,2,62
s03,s03_ex07,s03_ex07_epoch033,2,61
s03,s03_ex07,s03_ex07_epoch034,2,61
s03,s03_ex07,s03_ex07_epoch035,2,58
s03,s03_ex07,s03_ex07_epoch036,2,64
s03,s03_ex07,s03_ex07_epoch037,2,61
s03,s03_ex07,s03_ex07_epoch038,2,61
s03,s03_ex07,s03_ex07_epoch039,2,57
s03,s03_ex07,s03_ex07_epoch040,2,70
s03,s03_ex07,s03_ex07_epoch041,2,66
s03,s03_ex07,s03_ex07_epoch042,2,65
s03,s03_ex07,s03_ex07_epoch043,2,63
s03,s03_ex08,s03_ex08_epoch000,2,66
s03,s03_ex08,s03_ex08_epoch001,2,55
s03,s03_ex08,s03_ex08_epoch002,2,61
s03,s03_ex08,s03_ex08_epoch003,2,57
s03,s03_ex08,s03_ex08_epoch004,2,61
s03,s03_ex08,s03_ex08_epoch005,2,58
s03,s03_ex08,s03_ex08_epoch006,2,57
s03,s03_ex08,s03_ex08_epoch007,2,61
s03,s03_ex08,s03_ex08_epoch008,2,56
s03,s03_ex08,s03_ex08_epoch009,2,58
s03,s03_ex08,s03_ex08_epoch010,2,59
s03,s03_ex08,s03_ex08_epoch011,2,57
s03,s03_ex08,s03_ex08_epoch012,2,53
s03,s03_ex08,s03_ex08_epoch013,2,81
s03,s03_ex08,s03_ex08_epoch014,2,74
s03,s03_ex08,s03_ex08_epoch015,2,82
s03,s03_ex08,s03_ex08_epoch016,2,57
s03,s03_ex08,s03_ex08_epoch017,2,57
s03,s03_ex08,s03_ex08_epoch018,2,57
s03,s03_ex08,s03_ex08_epoch019,2,61
s03,s03_ex08,s03_ex08_epoch020,2,66
s03,s03_ex08,s03_ex08_epoch021,2,50
s03,s03_ex08,s03_ex08_epoch022,2,65
s03,s03_ex08,s03_ex08_epoch023,2,65
s03,s03_ex09,s03_ex09_epoch000,2,81
s03,s03_ex09,s03_ex09_epoch001,2,62
s03,s03_ex09,s03_ex09_epoch002,2,68
s03,s03_ex09,s03_ex09_epoch003,2,62
s03,s03_ex09,s03_ex09_epoch004,2,64
s03,s03_ex09,s03_ex09_epoch005,2,65
s03,s03_ex09,s03_ex09_epoch006,2,62
s03,s03_ex09,s03_ex09_epoch007,2,75
s03,s03_ex09,s03_ex09_epoch008,2,70
s03,s03_ex09,s03_ex09_epoch009,2,69
s03,s03_ex09,s03_ex09_epoch010,2,65
s03,s03_ex09,s03_ex09_epoch011,2,67
s03,s03_ex09,s03_ex09_epoch012,2,65
s03,s03_ex09,s03_ex09_epoch013,2,59
s03,s03_ex09,s03_ex09_epoch014,2,69
s03,s03_ex09,s03_ex09_epoch015,2,65
s03,s03_ex09,s03_ex09_epoch016,2,54
s03,s03_ex09,s03_ex09_epoch017,2,60
s03,s03_ex09,s03_ex09_epoch018,2,65
s03,s03_ex09,s03_ex09_epoch019,2,57
s03,s03_ex09,s03_ex09_epoch020,2,62
s03,s03_ex09,s03_ex09_epoch021,2,67
s03,s03_ex09,s03_ex09_epoch022,2,67
s03,s03_ex09,s03_ex09_epoch023,2,63
s03,s03_ex10,s03_ex10_epoch000,2,65
s03,s03_ex10,s03_ex10_epoch001,2,70
s03,s03_ex10,s03_ex10_epoch002,2,67
s03,s03_ex10,s03_ex10_epoch003,2,75
s03,s03_ex10,s03_ex10_epoch004,2,63
s03,s03_ex10,s03_ex10_epoch005,2,60
s03,s03_ex10,s03_ex10_epoch006,2,66
s03,s03_ex10,s03_ex10_epoch007,2,70
s03,s03_ex10,s03_ex10_epoch008,2,65
s03,s03_ex10,s03_ex10_epoch009,2,78
s03,s03_ex10,s03_ex10_epoch010,2,64
s03,s03_ex10,s03_ex10_epoch011,2,73
s03,s03_ex10,s03_ex10_epoch012,2,65
s03,s03_ex10,s03_ex10_epoch013,2,57
s03,s03_ex10,s03_ex10_epoch014,2,68
s03,s03_ex10,s03_ex10_epoch015,2,68
s03,s03_ex10,s03_ex10_epoch016,2,61
s03,s03_ex10,s03_ex10_epoch017,2,65
s03,s03_ex10,s03_ex10_epoch018,2,60
s03,s03_ex10,s03_ex10_epoch019,2,62
s03,s03_ex10,s03_ex10_epoch020,2,59
s03,s03_ex10,s03_ex10_epoch021,2,72
s03,s03_ex10,s03_ex10_epoch022,2,63
s03,s03_ex10,s03_ex10_epoch023,2,81
s04,s04_ex01_s01,s04_ex01_s01_epoch000,3,67
s04,s04_ex01_s01,s04_ex01_s01_epoch001,3,66
s04,s04_ex01_s01,s04_ex01_s01_epoch002,3,56
s04,s04_ex01_s01,s04_ex01_s01_epoch003,3,57
s04,s04_ex01_s01,s04_ex01_s01_epoch004,3,56
s04,s04_ex01_s01,s04_ex01_s01_epoch005,3,50
s04,s04_ex01_s01,s04_ex01_s01_epoch006,3,54
s04,s04_ex01_s01,s04_ex01_s01_epoch007,3,58
s04,s04_ex01_s01,s04_ex01_s01_epoch008,3,51
s04,s04_ex01_s01,s04_ex01_s01_epoch009,3,68
s04,s04_ex01_s01,s04_ex01_s01_epoch010,3,62
s04,s04_ex01_s01,s04_ex01_s01_epoch011,3,59
s04,s04_ex01_s01,s04_ex01_s01_epoch012,3,69
s04,s04_ex01_s01,s04_ex01_s01_epoch013,3,62
s04,s04_ex01_s01,s04_ex01_s01_epoch014,3,68
s04,s04_ex01_s01,s04_ex01_s01_epoch015,3,64
s04,s04_ex01_s01,s04_ex01_s01_epoch016,3,60
s04,s04_ex01_s01,s04_ex01_s01_epoch017,3,60
s04,s04_ex01_s01,s04_ex01_s01_epoch018,3,62
s04,s04_ex01_s01,s04_ex01_s01_epoch019,3,60
s04,s04_ex01_s01,s04_ex01_s01_epoch020,3,65
s04,s04_ex01_s01,s04_ex01_s01_epoch021,3,73
s04,s04_ex01_s01,s04_ex01_s01_epoch022,3,66
s04,s04_ex01_s01,s04_ex01_s01_epoch023,3,56
s04,s04_ex01_s02,s04_ex01_s02_epoch000,3,59
s04,s04_ex01_s02,s04_ex01_s02_epoch001,3,57
s04,s04_ex01_s02,s04_ex01_s02_epoch002,3,55
s04,s04_ex01_s02,s04_ex01_s02_epoch003,3,56
s04,s04_ex01_s02,s04_ex01_s02_epoch004,3,52
s04,s04_ex01_s02,s04_ex01_s02_epoch005,3,56
s04,s04_ex01_s02,s04_ex01_s02_epoch006,3,58
s04,s04_ex01_s02,s04_ex01_s02_epoch007,3,54
s04,s04_ex01_s02,s04_ex01_s02_epoch008,3,59
s04,s04_ex01_s02,s04_ex01_s02_epoch009,3,56
s04,s04_ex01_s02,s04_ex01_s02_epoch010,3,57
s04,s04_ex01_s02,s04_ex01_s02_epoch011,3,52
s04,s04_ex01_s02,s04_ex01_s02_epoch012,3,58
s04,s04_ex01_s02,s04_ex01_s02_epoch013,3,59
s04,s04_ex01_s02,s04_ex01_s02_epoch014,3,54
s04,s04_ex01_s02,s04_ex01_s02_epoch015,3,51
s04,s04_ex01_s02,s04_ex01_s02_epoch016,3,50
s04,s04_ex01_s02,s04_ex01_s02_epoch017,3,64
s04,s04_ex01_s02,s04_ex01_s02_epoch018,3,59
s04,s04_ex01_s02,s04_ex01_s02_epoch019,3,56
s04,s04_ex01_s02,s04_ex01_s02_epoch020,3,50
s04,s04_ex01_s02,s04_ex01_s02_epoch021,3,51
s04,s04_ex01_s02,s04_ex01_s02_epoch022,3,56
s04,s04_ex01_s02,s04_ex01_s02_epoch023,3,58
s04,s04_ex01_s03,s04_ex01_s03_epoch000,3,64
s04,s04_ex01_s03,s04_ex01_s03_epoch001,3,55
s04,s04_ex01_s03,s04_ex01_s03_epoch002,3,59
s04,s04_ex01_s03,s04_ex01_s03_epoch003,3,66
s04,s04_ex01_s03,s04_ex01_s03_epoch004,3,60
s04,s04_ex01_s03,s04_ex01_s03_epoch005,3,61
s04,s04_ex01_s03,s04_ex01_s03_epoch006,3,59
s04,s04_ex01_s03,s04_ex01_s03_epoch007,3,62
s04,s04_ex01_s03,s04_ex01_s03_epoch008,3,54
s04,s04_ex01_s03,s04_ex01_s03_epoch009,3,54
s04,s04_ex01_s03,s04_ex01_s03_epoch010,3,52
s04,s04_ex01_s03,s04_ex01_s03_epoch011,3,57
s04,s04_ex01_s03,s04_ex01_s03_epoch012,3,56
s04,s04_ex01_s03,s04_ex01_s03_epoch013,3,51
s04,s04_ex01_s03,s04_ex01_s03_epoch014,3,60
s04,s04_ex01_s03,s04_ex01_s03_epoch015,3,55
s04,s04_ex01_s03,s04_ex01_s03_epoch016,3,63
s04,s04_ex01_s03,s04_ex01_s03_epoch017,3,73
s04,s04_ex01_s03,s04_ex01_s03_epoch018,3,63
s04,s04_ex01_s03,s04_ex01_s03_epoch019,3,50
s04,s04_ex01_s03,s04_ex01_s03_epoch020,3,60
s04,s04_ex01_s03,s04_ex01_s03_epoch021,3,56
s04,s04_ex01_s03,s04_ex01_s03_epoch022,3,61
s04,s04_ex01_s03,s04_ex01_s03_epoch023,3,62
s04,s04_ex02_s01,s04_ex02_s01_epoch000,3,57
s04,s04_ex02_s01,s04_ex02_s01_epoch001,3,57
s04,s04_ex02_s01,s04_ex02_s01_epoch002,3,58
s04,s04_ex02_s01,s04_ex02_s01_epoch003,3,72
s04,s04_ex02_s01,s04_ex02_s01_epoch004,3,69
s04,s04_ex02_s01,s04_ex02_s01_epoch005,3,64
s04,s04_ex02_s01,s04_ex02_s01_epoch006,3,74
s04,s04_ex02_s01,s04_ex02_s01_epoch007,3,62
s04,s04_ex02_s01,s04_ex02_s01_epoch008,3,54
s04,s04_ex02_s01,s04_ex02_s01_epoch009,3,56
s04,s04_ex02_s01,s04_ex02_s01_epoch010,3,73
s04,s04_ex02_s01,s04_ex02_s01_epoch011,3,61
s04,s04_ex02_s01,s04_ex02_s01_epoch012,3,62
s04,s04_ex02_s01,s04_ex02_s01_epoch013,3,62
s04,s04_ex02_s01,s04_ex02_s01_epoch014,3,64
s04,s04_ex02_s01,s04_ex02_s01_epoch015,3,62
s04,s04_ex02_s01,s04_ex02_s01_epoch016,3,66
s04,s04_ex02_s01,s04_ex02_s01_epoch017,3,66
s04,s04_ex02_s01,s04_ex02_s01_epoch018,3,51
s04,s04_ex02_s01,s04_ex02_s01_epoch019,3,68
s04,s04_ex02_s01,s04_ex02_s01_epoch020,3,67
s04,s04_ex02_s01,s04_ex02_s01_epoch021,3,54
s04,s04_ex02_s01,s04_ex02_s01_epoch022,3,56
s04,s04_ex02_s01,s04_ex02_s01_epoch023,3,56
s04,s04_ex02_s02,s04_ex02_s02_epoch000,3,70
s04,s04_ex02_s02,s04_ex02_s02_epoch001,3,57
s04,s04_ex02_s02,s04_ex02_s02_epoch002,3,50
s04,s04_ex02_s02,s04_ex02_s02_epoch003,3,56
s04,s04_ex02_s02,s04_ex02_s02_epoch004,3,60
s04,s04_ex02_s02,s04_ex02_s02_epoch005,3,63
s04,s04_ex02_s02,s04_ex02_s02_epoch006,3,63
s04,s04_ex02_s02,s04_ex02_s02_epoch007,3,65
s04,s04_ex02_s02,s04_ex02_s02_epoch008,3,65
s04,s04_ex02_s02,s04_ex02_s02_epoch009,3,62
s04,s04_ex02_s02,s04_ex02_s02_epoch010,3,65
s04,s04_ex02_s02,s04_ex02_s02_epoch011,3,61
s04,s04_ex02_s02,s04_ex02_s02_epoch012,3,55
s04,s04_ex02_s02,s04_ex02_s02_epoch013,3,58
s04,s04_ex02_s02,s04_ex02_s02_epoch014,3,52
s04,s04_ex02_s02,s04_ex02_s02_epoch015,3,69
s04,s04_ex02_s02,s04_ex02_s02_epoch016,3,61
s04,s04_ex02_s02,s04_ex02_s02_epoch017,3,70
s04,s04_ex02_s02,s04_ex02_s02_epoch018,3,60
s04,s04_ex02_s02,s04_ex02_s02_epoch019,3,53
s04,s04_ex02_s02,s04_ex02_s02_epoch020,3,62
s04,s04_ex02_s02,s04_ex02_s02_epoch021,3,69
s04,s04_ex02_s02,s04_ex02_s02_epoch022,3,62
s04,s04_ex02_s02,s04_ex02_s02_epoch023,3,67
s04,s04_ex02_s03,s04_ex02_s03_epoch000,3,54
s04,s04_ex02_s03,s04_ex02_s03_epoch001,3,53
s04,s04_ex02_s03,s04_ex02_s03_epoch002,3,60
s04,s04_ex02_s03,s04_ex02_s03_epoch003,3,60
s04,s04_ex02_s03,s04_ex02_s03_epoch004,3,68
s04,s04_ex02_s03,s04_ex02_s03_epoch005,3,63
s04,s04_ex02_s03,s04_ex02_s03_epoch006,3,60
s04,s04_ex02_s03,s04_ex02_s03_epoch007,3,59
s04,s04_ex02_s03,s04_ex02_s03_epoch008,3,62
s04,s04_ex02_s03,s04_ex02_s03_epoch009,3,62
s04,s04_ex02_s03,s04_ex02_s03_epoch010,3,54
s04,s04_ex02_s03,s04_ex02_s03_epoch011,3,57
s04,s04_ex02_s03,s04_ex02_s03_epoch012,3,59
s04,s04_ex02_s03,s04_ex02_s03_epoch013,3,63
s04,s04_ex02_s03,s04_ex02_s03_epoch014,3,68
s04,s04_ex02_s03,s04_ex02_s03_epoch015,3,84
s04,s04_ex02_s03,s04_ex02_s03_epoch016,3,77
s04,s04_ex02_s03,s04_ex02_s03_epoch017,3,57
s04,s04_ex02_s03,s04_ex02_s03_epoch018,3,62
s04,s04_ex02_s03,s04_ex02_s03_epoch019,3,67
s04,s04_ex02_s03,s04_ex02_s03_epoch020,3,56
s04,s04_ex02_s03,s04_ex02_s03_epoch021,3,59
s04,s04_ex02_s03,s04_ex02_s03_epoch022,3,60
s04,s04_ex02_s03,s04_ex02_s03_epoch023,3,57
s04,s04_ex05,s04_ex05_epoch000,3,59
s04,s04_ex05,s04_ex05_epoch001,3,57
s04,s04_ex05,s04_ex05_epoch002,3,62
s04,s04_ex05,s04_ex05_epoch003,3,60
s04,s04_ex05,s04_ex05_epoch004,3,59
s04,s04_ex05,s04_ex05_epoch005,3,63
s04,s04_ex05,s04_ex05_epoch006,3,61
s04,s04_ex05,s04_ex05_epoch007,3,56
s04,s04_ex05,s04_ex05_epoch008,3,74
s04,s04_ex05,s04_ex05_epoch009,3,60
s04,s04_ex05,s04_ex05_epoch010,3,63
s04,s04_ex05,s04_ex05_epoch011,3,59
s04,s04_ex05,s04_ex05_epoch012,3,61
s04,s04_ex05,s04_ex05_epoch013,3,65
s04,s04_ex05,s04_ex05_epoch014,3,62
s04,s04_ex05,s04_ex05_epoch015,3,60
s04,s04_ex05,s04_ex05_epoch016,3,56
s04,s04_ex05,s04_ex05_epoch017,3,84
s04,s04_ex05,s04_ex05_epoch018,3,62
s04,s04_ex05,s04_ex05_epoch019,3,61
s04,s04_ex05,s04_ex05_epoch020,3,61
s04,s04_ex05,s04_ex05_epoch021,3,62
s04,s04_ex05,s04_ex05_epoch022,3,78
s04,s04_ex05,s04_ex05_epoch023,3,64
s04,s04_ex06,s04_ex06_epoch000,3,60
s04,s04_ex06,s04_ex06_epoch001,3,66
s04,s04_ex06,s04_ex06_epoch002,3,70
s04,s04_ex06,s04_ex06_epoch003,3,60
s04,s04_ex06,s04_ex06_epoch004,3,59
s04,s04_ex06,s04_ex06_epoch005,3,62
s04,s04_ex06,s04_ex06_epoch006,3,55
s04,s04_ex06,s04_ex06_epoch007,3,55
s04,s04_ex06,s04_ex06_epoch008,3,56
s04,s04_ex06,s04_ex06_epoch009,3,60
s04,s04_ex06,s04_ex06_epoch010,3,72
s04,s04_ex06,s04_ex06_epoch011,3,65
s04,s04_ex06,s04_ex06_epoch012,3,57
s04,s04_ex06,s04_ex06_epoch013,3,56
s04,s04_ex06,s04_ex06_epoch014,3,60
s04,s04_ex06,s04_ex06_epoch015,3,59
s04,s04_ex06,s04_ex06_epoch016,3,52
s04,s04_ex06,s04_ex06_epoch017,3,58
s04,s04_ex06,s04_ex06_epoch018,3,58
s04,s04_ex06,s04_ex06_epoch019,3,56
s04,s04_ex06,s04_ex06_epoch020,3,57
s04,s04_ex06,s04_ex06_epoch021,3,61
s04,s04_ex06,s04_ex06_epoch022,3,52
s04,s04_ex06,s04_ex06_epoch023,3,59
s04,s04_ex07,s04_ex07_epoch000,3,64
s04,s04_ex07,s04_ex07_epoch001,3,64
s04,s04_ex07,s04_ex07_epoch002,3,61
s04,s04_ex07,s04_ex07_epoch003,3,60
s04,s04_ex07,s04_ex07_epoch004,3,61
s04,s04_ex07,s04_ex07_epoch005,3,67
s04,s04_ex07,s04_ex07_epoch006,3,60
s04,s04_ex07,s04_ex07_epoch007,3,58
s04,s04_ex07,s04_ex07_epoch008,3,65
s04,s04_ex07,s04_ex07_epoch009,3,80
s04,s04_ex07,s04_ex07_epoch010,3,64
s04,s04_ex07,s04_ex07_epoch011,3,60
s04,s04_ex07,s04_ex07_epoch012,3,73
s04,s04_ex07,s04_ex07_epoch013,3,89
s04,s04_ex07,s04_ex07_epoch014,3,72
s04,s04_ex07,s04_ex07_epoch015,3,65
s04,s04_ex07,s04_ex07_epoch016,3,68
s04,s04_ex07,s04_ex07_epoch017,3,66
s04,s04_ex07,s04_ex07_epoch018,3,73
s04,s04_ex07,s04_ex07_epoch019,3,69
s04,s04_ex07,s04_ex07_epoch020,3,64
s04,s04_ex07,s04_ex07_epoch021,3,61
s04,s04_ex07,s04_ex07_epoch022,3,59
s04,s04_ex07,s04_ex07_epoch023,3,59
s04,s04_ex08,s04_ex08_epoch000,3,54
s04,s04_ex08,s04_ex08_epoch001,3,48
s04,s04_ex08,s04_ex08_epoch002,3,50
s04,s04_ex08,s04_ex08_epoch003,3,53
s04,s04_ex08,s04_ex08_epoch004,3,58
s04,s04_ex08,s04_ex08_epoch005,3,55
s04,s04_ex08,s04_ex08_epoch006,3,60
s04,s04_ex08,s04_ex08_epoch007,3,52
s04,s04_ex08,s04_ex08_epoch008,3,56
s04,s04_ex08,s04_ex08_epoch009,3,52
s04,s04_ex08,s04_ex08_epoch010,3,53
s04,s04_ex08,s04_ex08_epoch011,3,60
s04,s04_ex08,s04_ex08_epoch012,3,53
s04,s04_ex08,s04_ex08_epoch013,3,54
s04,s04_ex08,s04_ex08_epoch014,3,54
s04,s04_ex08,s04_ex08_epoch015,3,45
s04,s04_ex08,s04_ex08_epoch016,3,52
s04,s04_ex08,s04_ex08_epoch017,3,51
s04,s04_ex08,s04_ex08_epoch018,3,53
s04,s04_ex08,s04_ex08_epoch019,3,70
s04,s04_ex08,s04_ex08_epoch020,3,65
s04,s04_ex08,s04_ex08_epoch021,3,57
s04,s04_ex08,s04_ex08_epoch022,3,59
s04,s04_ex08,s04_ex08_epoch023,3,59
s04,s04_ex09,s04_ex09_epoch000,3,62
s04,s04_ex09,s04_ex09_epoch001,3,60
s04,s04_ex09,s04_ex09_epoch002,3,57
s04,s04_ex09,s04_ex09_epoch003,3,58
s04,s04_ex09,s04_ex09_epoch004,3,57
s04,s04_ex09,s04_ex09_epoch005,3,55
s04,s04_ex09,s04_ex09_epoch006,3,55
s04,s04_ex09,s04_ex09_epoch007,3,68
s04,s04_ex09,s04_ex09_epoch008,3,58
s04,s04_ex09,s04_ex09_epoch009,3,64
s04,s04_ex09,s04_ex09_epoch010,3,57
s04,s04_ex09,s04_ex09_epoch011,3,54
s04,s04_ex09,s04_ex09_epoch012,3,60
s04,s04_ex09,s04_ex09_epoch013,3,56
s04,s04_ex09,s04_ex09_epoch014,3,54
s04,s04_ex09,s04_ex09_epoch015,3,66
s04,s04_ex09,s04_ex09_epoch016,3,68
s04,s04_ex09,s04_ex09_epoch017,3,65
s04,s04_ex09,s04_ex09_epoch018,3,50
s04,s04_ex09,s04_ex09_epoch019,3,61
s04,s04_ex09,s04_ex09_epoch020,3,53
s04,s04_ex09,s04_ex09_epoch021,3,55
s04,s04_ex09,s04_ex09_epoch022,3,55
s04,s04_ex09,s04_ex09_epoch023,3,53
s04,s04_ex10,s04_ex10_epoch000,3,50
s04,s04_ex10,s04_ex10_epoch001,3,61
s04,s04_ex10,s04_ex10_epoch002,3,59
s04,s04_ex10,s04_ex10_epoch003,3,52
s04,s04_ex10,s04_ex10_epoch004,3,56
s04,s04_ex10,s04_ex10_epoch005,3,68
s04,s04_ex10,s04_ex10_epoch006,3,66
s04,s04_ex10,s04_ex10_epoch007,3,69
s04,s04_ex10,s04_ex10_epoch008,3,66
s04,s04_ex10,s04_ex10_epoch009,3,51
s04,s04_ex10,s04_ex10_epoch010,3,56
s04,s04_ex10,s04_ex10_epoch011,3,58
s04,s04_ex10,s04_ex10_epoch012,3,51
s04,s04_ex10,s04_ex10_epoch013,3,55
s04,s04_ex10,s04_ex10_epoch014,3,56
s04,s04_ex10,s04_ex10_epoch015,3,53
s04,s04_ex10,s04_ex10_epoch016,3,57
s04,s04_ex10,s04_ex10_epoch017,3,55
s04,s04_ex10,s04_ex10_epoch018,3,62
s04,s04_ex10,s04_ex10_epoch019,3,53
s04,s04_ex10,s04_ex10_epoch020,3,52
s04,s04_ex10,s04_ex10_epoch021,3,51
s04,s04_ex10,s04_ex10_epoch022,3,53
s04,s04_ex10,s04_ex10_epoch023,3,53
s05,s05_ex01_s01,s05_ex01_s01_epoch000,4,63
s05,s05_ex01_s01,s05_ex01_s01_epoch001,4,53
s05,s05_ex01_s01,s05_ex01_s01_epoch002,4,54
s05,s05_ex01_s01,s05_ex01_s01_epoch003,4,53
s05,s05_ex01_s01,s05_ex01_s01_epoch004,4,50
s05,s05_ex01_s01,s05_ex01_s01_epoch005,4,49
s05,s05_ex01_s01,s05_ex01_s01_epoch006,4,57
s05,s05_ex01_s01,s05_ex01_s01_epoch007,4,52
s05,s05_ex01_s01,s05_ex01_s01_epoch008,4,50
s05,s05_ex01_s01,s05_ex01_s01_epoch009,4,55
s05,s05_ex01_s01,s05_ex01_s01_epoch010,4,51
s05,s05_ex01_s01,s05_ex01_s01_epoch011,4,48
s05,s05_ex01_s01,s05_ex01_s01_epoch012,4,58
s05,s05_ex01_s01,s05_ex01_s01_epoch013,4,59
s05,s05_ex01_s01,s05_ex01_s01_epoch014,4,54
s05,s05_ex01_s01,s05_ex01_s01_epoch015,4,58
s05,s05_ex01_s01,s05_ex01_s01_epoch016,4,58
s05,s05_ex01_s01,s05_ex01_s01_epoch017,4,54
s05,s05_ex01_s01,s05_ex01_s01_epoch018,4,65
s05,s05_ex01_s01,s05_ex01_s01_epoch019,4,57
s05,s05_ex01_s01,s05_ex01_s01_epoch020,4,66
s05,s05_ex01_s01,s05_ex01_s01_epoch021,4,57
s05,s05_ex01_s01,s05_ex01_s01_epoch022,4,60
s05,s05_ex01_s01,s05_ex01_s01_epoch023,4,64
s05,s05_ex01_s02,s05_ex01_s02_epoch000,4,47
s05,s05_ex01_s02,s05_ex01_s02_epoch001,4,48
s05,s05_ex01_s02,s05_ex01_s02_epoch002,4,62
s05,s05_ex01_s02,s05_ex01_s02_epoch003,4,53
s05,s05_ex01_s02,s05_ex01_s02_epoch004,4,64
s05,s05_ex01_s02,s05_ex01_s02_epoch005,4,64
s05,s05_ex01_s02,s05_ex01_s02_epoch006,4,65
s05,s05_ex01_s02,s05_ex01_s02_epoch007,4,57
s05,s05_ex01_s02,s05_ex01_s02_epoch008,4,64
s05,s05_ex01_s02,s05_ex01_s02_epoch009,4,58
s05,s05_ex01_s02,s05_ex01_s02_epoch010,4,57
s05,s05_ex01_s02,s05_ex01_s02_epoch011,4,61
s05,s05_ex01_s02,s05_ex01_s02_epoch012,4,57
s05,s05_ex01_s02,s05_ex01_s02_epoch013,4,57
s05,s05_ex01_s02,s05_ex01_s02_epoch014,4,49
s05,s05_ex01_s02,s05_ex01_s02_epoch015,4,62
s05,s05_ex01_s02,s05_ex01_s02_epoch016,4,63
s05,s05_ex01_s02,s05_ex01_s02_epoch017,4,57
s05,s05_ex01_s02,s05_ex01_s02_epoch018,4,62
s05,s05_ex01_s02,s05_ex01_s02_epoch019,4,66
s05,s05_ex01_s02,s05_ex01_s02_epoch020,4,50
s05,s05_ex01_s02,s05_ex01_s02_epoch021,4,46
s05,s05_ex01_s02,s05_ex01_s02_epoch022,4,56
s05,s05_ex01_s02,s05_ex01_s02_epoch023,4,59
s05,s05_ex01_s03,s05_ex01_s03_epoch000,4,44
s05,s05_ex01_s03,s05_ex01_s03_epoch001,4,59
s05,s05_ex01_s03,s05_ex01_s03_epoch002,4,62
s05,s05_ex01_s03,s05_ex01_s03_epoch003,4,64
s05,s05_ex01_s03,s05_ex01_s03_epoch004,4,69
s05,s05_ex01_s03,s05_ex01_s03_epoch005,4,64
s05,s05_ex01_s03,s05_ex01_s03_epoch006,4,68
s05,s05_ex01_s03,s05_ex01_s03_epoch007,4,64
s05,s05_ex01_s03,s05_ex01_s03_epoch008,4,58
s05,s05_ex01_s03,s05_ex01_s03_epoch009,4,57
s05,s05_ex01_s03,s05_ex01_s03_epoch010,4,51
s05,s05_ex01_s03,s05_ex01_s03_epoch011,4,60
s05,s05_ex01_s03,s05_ex01_s03_epoch012,4,64
s05,s05_ex01_s03,s05_ex01_s03_epoch013,4,68
s05,s05_ex01_s03,s05_ex01_s03_epoch014,4,62
s05,s05_ex01_s03,s05_ex01_s03_epoch015,4,60
s05,s05_ex01_s03,s05_ex01_s03_epoch016,4,48
s05,s05_ex01_s03,s05_ex01_s03_epoch017,4,53
s05,s05_ex01_s03,s05_ex01_s03_epoch018,4,60
s05,s05_ex01_s03,s05_ex01_s03_epoch019,4,57
s05,s05_ex01_s03,s05_ex01_s03_epoch020,4,66
s05,s05_ex01_s03,s05_ex01_s03_epoch021,4,66
s05,s05_ex01_s03,s05_ex01_s03_epoch022,4,66
s05,s05_ex01_s03,s05_ex01_s03_epoch023,4,57
s05,s05_ex02_s01,s05_ex02_s01_epoch000,4,64
s05,s05_ex02_s01,s05_ex02_s01_epoch001,4,65
s05,s05_ex02_s01,s05_ex02_s01_epoch002,4,71
s05,s05_ex02_s01,s05_ex02_s01_epoch003,4,69
s05,s05_ex02_s01,s05_ex02_s01_epoch004,4,65
s05,s05_ex02_s01,s05_ex02_s01_epoch005,4,65
s05,s05_ex02_s01,s05_ex02_s01_epoch006,4,63
s05,s05_ex02_s01,s05_ex02_s01_epoch007,4,69
s05,s05_ex02_s01,s05_ex02_s01_epoch008,4,66
s05,s05_ex02_s01,s05_ex02_s01_epoch009,4,70
s05,s05_ex02_s01,s05_ex02_s01_epoch010,4,68
s05,s05_ex02_s01,s05_ex02_s01_epoch011,4,70
s05,s05_ex02_s01,s05_ex02_s01_epoch012,4,65
s05,s05_ex02_s01,s05_ex02_s01_epoch013,4,64
s05,s05_ex02_s01,s05_ex02_s01_epoch014,4,67
s05,s05_ex02_s01,s05_ex02_s01_epoch015,4,67
s05,s05_ex02_s01,s05_ex02_s01_epoch016,4,64
s05,s05_ex02_s01,s05_ex02_s01_epoch017,4,63
s05,s05_ex02_s01,s05_ex02_s01_epoch018,4,64
s05,s05_ex02_s01,s05_ex02_s01_epoch019,4,66
s05,s05_ex02_s01,s05_ex02_s01_epoch020,4,66
s05,s05_ex02_s01,s05_ex02_s01_epoch021,4,76
s05,s05_ex02_s01,s05_ex02_s01_epoch022,4,73
s05,s05_ex02_s01,s05_ex02_s01_epoch023,4,72
s05,s05_ex02_s02,s05_ex02_s02_epoch000,4,64
s05,s05_ex02_s02,s05_ex02_s02_epoch001,4,66
s05,s05_ex02_s02,s05_ex02_s02_epoch002,4,65
s05,s05_ex02_s02,s05_ex02_s02_epoch003,4,64
s05,s05_ex02_s02,s05_ex02_s02_epoch004,4,63
s05,s05_ex02_s02,s05_ex02_s02_epoch005,4,67
s05,s05_ex02_s02,s05_ex02_s02_epoch006,4,65
s05,s05_ex02_s02,s05_ex02_s02_epoch007,4,73
s05,s05_ex02_s02,s05_ex02_s02_epoch008,4,73
s05,s05_ex02_s02,s05_ex02_s02_epoch009,4,66
s05,s05_ex02_s02,s05_ex02_s02_epoch010,4,66
s05,s05_ex02_s02,s05_ex02_s02_epoch011,4,65
s05,s05_ex02_s02,s05_ex02_s02_epoch012,4,66
s05,s05_ex02_s02,s05_ex02_s02_epoch013,4,67
s05,s05_ex02_s02,s05_ex02_s02_epoch014,4,61
s05,s05_ex02_s02,s05_ex02_s02_epoch015,4,67
s05,s05_ex02_s02,s05_ex02_s02_epoch016,4,63
s05,s05_ex02_s02,s05_ex02_s02_epoch017,4,66
s05,s05_ex02_s02,s05_ex02_s02_epoch018,4,67
s05,s05_ex02_s02,s05_ex02_s02_epoch019,4,67
s05,s05_ex02_s02,s05_ex02_s02_epoch020,4,70
s05,s05_ex02_s02,s05_ex02_s02_epoch021,4,71
s05,s05_ex02_s02,s05_ex02_s02_epoch022,4,70
s05,s05_ex02_s02,s05_ex02_s02_epoch023,4,63
s05,s05_ex02_s03,s05_ex02_s03_epoch000,4,70
s05,s05_ex02_s03,s05_ex02_s03_epoch001,4,66
s05,s05_ex02_s03,s05_ex02_s03_epoch002,4,67
s05,s05_ex02_s03,s05_ex02_s03_epoch003,4,65
s05,s05_ex02_s03,s05_ex02_s03_epoch004,4,64
s05,s05_ex02_s03,s05_ex02_s03_epoch005,4,67
s05,s05_ex02_s03,s05_ex02_s03_epoch006,4,68
s05,s05_ex02_s03,s05_ex02_s03_epoch007,4,65
s05,s05_ex02_s03,s05_ex02_s03_epoch008,4,72
s05,s05_ex02_s03,s05_ex02_s03_epoch009,4,69
s05,s05_ex02_s03,s05_ex02_s03_epoch010,4,68
s05,s05_ex02_s03,s05_ex02_s03_epoch011,4,66
s05,s05_ex02_s03,s05_ex02_s03_epoch012,4,66
s05,s05_ex02_s03,s05_ex02_s03_epoch013,4,70
s05,s05_ex02_s03,s05_ex02_s03_epoch014,4,66
s05,s05_ex02_s03,s05_ex02_s03_epoch015,4,55
s05,s05_ex02_s03,s05_ex02_s03_epoch016,4,64
s05,s05_ex02_s03,s05_ex02_s03_epoch017,4,59
s05,s05_ex02_s03,s05_ex02_s03_epoch018,4,68
s05,s05_ex02_s03,s05_ex02_s03_epoch019,4,70
s05,s05_ex02_s03,s05_ex02_s03_epoch020,4,66
s05,s05_ex02_s03,s05_ex02_s03_epoch021,4,71
s05,s05_ex02_s03,s05_ex02_s03_epoch022,4,69
s05,s05_ex02_s03,s05_ex02_s03_epoch023,4,68
s05,s05_ex05,s05_ex05_epoch000,4,65
s05,s05_ex05,s05_ex05_epoch001,4,70
s05,s05_ex05,s05_ex05_epoch002,4,64
s05,s05_ex05,s05_ex05_epoch003,4,35
s05,s05_ex05,s05_ex05_epoch004,4,66
s05,s05_ex05,s05_ex05_epoch005,4,69
s05,s05_ex05,s05_ex05_epoch006,4,69
s05,s05_ex05,s05_ex05_epoch007,4,59
s05,s05_ex05,s05_ex05_epoch008,4,70
s05,s05_ex05,s05_ex05_epoch009,4,72
s05,s05_ex05,s05_ex05_epoch010,4,73
s05,s05_ex05,s05_ex05_epoch011,4,65
s05,s05_ex05,s05_ex05_epoch012,4,71
s05,s05_ex05,s05_ex05_epoch013,4,66
s05,s05_ex05,s05_ex05_epoch014,4,72
s05,s05_ex05,s05_ex05_epoch015,4,64
s05,s05_ex05,s05_ex05_epoch016,4,72
s05,s05_ex05,s05_ex05_epoch017,4,70
s05,s05_ex05,s05_ex05_epoch018,4,68
s05,s05_ex05,s05_ex05_epoch019,4,75
s05,s05_ex05,s05_ex05_epoch020,4,70
s05,s05_ex05,s05_ex05_epoch021,4,64
s05,s05_ex05,s05_ex05_epoch022,4,63
s05,s05_ex05,s05_ex05_epoch023,4,61
s05,s05_ex05,s05_ex05_epoch024,4,65
s05,s05_ex05,s05_ex05_epoch025,4,64
s05,s05_ex05,s05_ex05_epoch026,4,68
s05,s05_ex05,s05_ex05_epoch027,4,69
s05,s05_ex05,s05_ex05_epoch028,4,70
s05,s05_ex05,s05_ex05_epoch029,4,60
s05,s05_ex05,s05_ex05_epoch030,4,73
s05,s05_ex05,s05_ex05_epoch031,4,67
s05,s05_ex05,s05_ex05_epoch032,4,72
s05,s05_ex05,s05_ex05_epoch033,4,65
s05,s05_ex05,s05_ex05_epoch034,4,74
s05,s05_ex05,s05_ex05_epoch035,4,62
s05,s05_ex05,s05_ex05_epoch036,4,67
s05,s05_ex05,s05_ex05_epoch037,4,68
s05,s05_ex05,s05_ex05_epoch038,4,66
s05,s05_ex05,s05_ex05_epoch039,4,67
s05,s05_ex06,s05_ex06_epoch000,4,73
s05,s05_ex06,s05_ex06_epoch001,4,71
s05,s05_ex06,s05_ex06_epoch002,4,71
s05,s05_ex06,s05_ex06_epoch003,4,74
s05,s05_ex06,s05_ex06_epoch004,4,68
s05,s05_ex06,s05_ex06_epoch005,4,66
s05,s05_ex06,s05_ex06_epoch006,4,73
s05,s05_ex06,s05_ex06_epoch007,4,67
s05,s05_ex06,s05_ex06_epoch008,4,67
s05,s05_ex06,s05_ex06_epoch009,4,62
s05,s05_ex06,s05_ex06_epoch010,4,62
s05,s05_ex06,s05_ex06_epoch011,4,73
s05,s05_ex06,s05_ex06_epoch012,4,69
s05,s05_ex06,s05_ex06_epoch013,4,68
s05,s05_ex06,s05_ex06_epoch014,4,75
s05,s05_ex06,s05_ex06_epoch015,4,62
s05,s05_ex06,s05_ex06_epoch016,4,62
s05,s05_ex06,s05_ex06_epoch017,4,73
s05,s05_ex06,s05_ex06_epoch018,4,68
s05,s05_ex06,s05_ex06_epoch019,4,71
s05,s05_ex06,s05_ex06_epoch020,4,69
s05,s05_ex06,s05_ex06_epoch021,4,62
s05,s05_ex06,s05_ex06_epoch022,4,67
s05,s05_ex06,s05_ex06_epoch023,4,64
s05,s05_ex07,s05_ex07_epoch000,4,68
s05,s05_ex07,s05_ex07_epoch001,4,73
s05,s05_ex07,s05_ex07_epoch002,4,71
s05,s05_ex07,s05_ex07_epoch003,4,63
s05,s05_ex07,s05_ex07_epoch004,4,72
s05,s05_ex07,s05_ex07_epoch005,4,68
s05,s05_ex07,s05_ex07_epoch006,4,69
s05,s05_ex07,s05_ex07_epoch007,4,66
s05,s05_ex07,s05_ex07_epoch008,4,66
s05,s05_ex07,s05_ex07_epoch009,4,62
s05,s05_ex07,s05_ex07_epoch010,4,67
s05,s05_ex07,s05_ex07_epoch011,4,70
s05,s05_ex07,s05_ex07_epoch012,4,70
s05,s05_ex07,s05_ex07_epoch013,4,69
s05,s05_ex07,s05_ex07_epoch014,4,64
s05,s05_ex07,s05_ex07_epoch015,4,74
s05,s05_ex07,s05_ex07_epoch016,4,70
s05,s05_ex07,s05_ex07_epoch017,4,72
s05,s05_ex07,s05_ex07_epoch018,4,74
s05,s05_ex07,s05_ex07_epoch019,4,74
s05,s05_ex07,s05_ex07_epoch020,4,72
s05,s05_ex07,s05_ex07_epoch021,4,67
s05,s05_ex07,s05_ex07_epoch022,4,66
s05,s05_ex07,s05_ex07_epoch023,4,72
s05,s05_ex08,s05_ex08_epoch000,4,66
s05,s05_ex08,s05_ex08_epoch001,4,68
s05,s05_ex08,s05_ex08_epoch002,4,66
s05,s05_ex08,s05_ex08_epoch003,4,70
s05,s05_ex08,s05_ex08_epoch004,4,67
s05,s05_ex08,s05_ex08_epoch005,4,74
s05,s05_ex08,s05_ex08_epoch006,4,73
s05,s05_ex08,s05_ex08_epoch007,4,64
s05,s05_ex08,s05_ex08_epoch008,4,74
s05,s05_ex08,s05_ex08_epoch009,4,91
s05,s05_ex08,s05_ex08_epoch010,4,60
s05,s05_ex08,s05_ex08_epoch011,4,70
s05,s05_ex08,s05_ex08_epoch012,4,73
s05,s05_ex08,s05_ex08_epoch013,4,70
s05,s05_ex08,s05_ex08_epoch014,4,64
s05,s05_ex08,s05_ex08_epoch015,4,64
s05,s05_ex08,s05_ex08_epoch016,4,66
s05,s05_ex08,s05_ex08_epoch017,4,69
s05,s05_ex08,s05_ex08_epoch018,4,65
s05,s05_ex08,s05_ex08_epoch019,4,58
s05,s05_ex08,s05_ex08_epoch020,4,58
s05,s05_ex08,s05_ex08_epoch021,4,65
s05,s05_ex08,s05_ex08_epoch022,4,66
s05,s05_ex08,s05_ex08_epoch023,4,65
s05,s05_ex09,s05_ex09_epoch000,4,63
s05,s05_ex09,s05_ex09_epoch001,4,65
s05,s05_ex09,s05_ex09_epoch002,4,66
s05,s05_ex09,s05_ex09_epoch003,4,66
s05,s05_ex09,s05_ex09_epoch004,4,67
s05,s05_ex09,s05_ex09_epoch005,4,65
s05,s05_ex09,s05_ex09_epoch006,4,66
s05,s05_ex09,s05_ex09_epoch007,4,69
s05,s05_ex09,s05_ex09_epoch008,4,62
s05,s05_ex09,s05_ex09_epoch009,4,63
s05,s05_ex09,s05_ex09_epoch010,4,68
s05,s05_ex09,s05_ex09_epoch011,4,66
s05,s05_ex09,s05_ex09_epoch012,4,69
s05,s05_ex09,s05_ex09_epoch013,4,69
s05,s05_ex09,s05_ex09_epoch014,4,66
s05,s05_ex09,s05_ex09_epoch015,4,64
s05,s05_ex09,s05_ex09_epoch016,4,60
s05,s05_ex09,s05_ex09_epoch017,4,63
s05,s05_ex09,s05_ex09_epoch018,4,66
s05,s05_ex09,s05_ex09_epoch019,4,66
s05,s05_ex09,s05_ex09_epoch020,4,62
s05,s05_ex09,s05_ex09_epoch021,4,62
s05,s05_ex09,s05_ex09_epoch022,4,64
s05,s05_ex09,s05_ex09_epoch023,4,62
s05,s05_ex10,s05_ex10_epoch000,4,66
s05,s05_ex10,s05_ex10_epoch001,4,66
s05,s05_ex10,s05_ex10_epoch002,4,69
s05,s05_ex10,s05_ex10_epoch003,4,67
s05,s05_ex10,s05_ex10_epoch004,4,67
s05,s05_ex10,s05_ex10_epoch005,4,67
s05,s05_ex10,s05_ex10_epoch006,4,62
s05,s05_ex10,s05_ex10_epoch007,4,70
s05,s05_ex10,s05_ex10_epoch008,4,66
s05,s05_ex10,s05_ex10_epoch009,4,66
s05,s05_ex10,s05_ex10_epoch010,4,63
s05,s05_ex10,s05_ex10_epoch011,4,69
s05,s05_ex10,s05_ex10_epoch012,4,62
s05,s05_ex10,s05_ex10_epoch013,4,64
s05,s05_ex10,s05_ex10_epoch014,4,60
s05,s05_ex10,s05_ex10_epoch015,4,61
s05,s05_ex10,s05_ex10_epoch016,4,61
s05,s05_ex10,s05_ex10_epoch017,4,68
s05,s05_ex10,s05_ex10_epoch018,4,66
s05,s05_ex10,s05_ex10_epoch019,4,70
s05,s05_ex10,s05_ex10_epoch020,4,68
s05,s05_ex10,s05_ex10_epoch021,4,74
s05,s05_ex10,s05_ex10_epoch022,4,73
s05,s05_ex10,s05_ex10_epoch023,4,65
s06,s06_ex01_s01,s06_ex01_s01_epoch000,5,47
s06,s06_ex01_s01,s06_ex01_s01_epoch001,5,50
s06,s06_ex01_s01,s06_ex01_s01_epoch002,5,52
s06,s06_ex01_s01,s06_ex01_s01_epoch003,5,45
s06,s06_ex01_s01,s06_ex01_s01_epoch004,5,49
s06,s06_ex01_s01,s06_ex01_s01_epoch005,5,57
s06,s06_ex01_s01,s06_ex01_s01_epoch006,5,48
s06,s06_ex01_s01,s06_ex01_s01_epoch007,5,48
s06,s06_ex01_s01,s06_ex01_s01_epoch008,5,48
s06,s06_ex01_s01,s06_ex01_s01_epoch009,5,51
s06,s06_ex01_s01,s06_ex01_s01_epoch010,5,55
s06,s06_ex01_s01,s06_ex01_s01_epoch011,5,47
s06,s06_ex01_s01,s06_ex01_s01_epoch012,5,53
s06,s06_ex01_s01,s06_ex01_s01_epoch013,5,54
s06,s06_ex01_s01,s06_ex01_s01_epoch014,5,56
s06,s06_ex01_s01,s06_ex01_s01_epoch015,5,50
s06,s06_ex01_s01,s06_ex01_s01_epoch016,5,52
s06,s06_ex01_s01,s06_ex01_s01_epoch017,5,50
s06,s06_ex01_s01,s06_ex01_s01_epoch018,5,48
s06,s06_ex01_s01,s06_ex01_s01_epoch019,5,51
s06,s06_ex01_s01,s06_ex01_s01_epoch020,5,51
s06,s06_ex01_s01,s06_ex01_s01_epoch021,5,45
s06,s06_ex01_s01,s06_ex01_s01_epoch022,5,44
s06,s06_ex01_s01,s06_ex01_s01_epoch023,5,63
s06,s06_ex01_s02,s06_ex01_s02_epoch000,5,51
s06,s06_ex01_s02,s06_ex01_s02_epoch001,5,52
s06,s06_ex01_s02,s06_ex01_s02_epoch002,5,55
s06,s06_ex01_s02,s06_ex01_s02_epoch003,5,47
s06,s06_ex01_s02,s06_ex01_s02_epoch004,5,53
s06,s06_ex01_s02,s06_ex01_s02_epoch005,5,47
s06,s06_ex01_s02,s06_ex01_s02_epoch006,5,52
s06,s06_ex01_s02,s06_ex01_s02_epoch007,5,53
s06,s06_ex01_s02,s06_ex01_s02_epoch008,5,59
s06,s06_ex01_s02,s06_ex01_s02_epoch009,5,51
s06,s06_ex01_s02,s06_ex01_s02_epoch010,5,52
s06,s06_ex01_s02,s06_ex01_s02_epoch011,5,68
s06,s06_ex01_s02,s06_ex01_s02_epoch012,5,64
s06,s06_ex01_s02,s06_ex01_s02_epoch013,5,47
s06,s06_ex01_s02,s06_ex01_s02_epoch014,5,51
s06,s06_ex01_s02,s06_ex01_s02_epoch015,5,63
s06,s06_ex01_s02,s06_ex01_s02_epoch016,5,54
s06,s06_ex01_s02,s06_ex01_s02_epoch017,5,57
s06,s06_ex01_s02,s06_ex01_s02_epoch018,5,57
s06,s06_ex01_s02,s06_ex01_s02_epoch019,5,48
s06,s06_ex01_s02,s06_ex01_s02_epoch020,5,53
s06,s06_ex01_s02,s06_ex01_s02_epoch021,5,52
s06,s06_ex01_s02,s06_ex01_s02_epoch022,5,46
s06,s06_ex01_s02,s06_ex01_s02_epoch023,5,46
s06,s06_ex01_s03,s06_ex01_s03_epoch000,5,68
s06,s06_ex01_s03,s06_ex01_s03_epoch001,5,46
s06,s06_ex01_s03,s06_ex01_s03_epoch002,5,50
s06,s06_ex01_s03,s06_ex01_s03_epoch003,5,58
s06,s06_ex01_s03,s06_ex01_s03_epoch004,5,53
s06,s06_ex01_s03,s06_ex01_s03_epoch005,5,57
s06,s06_ex01_s03,s06_ex01_s03_epoch006,5,54
s06,s06_ex01_s03,s06_ex01_s03_epoch007,5,47
s06,s06_ex01_s03,s06_ex01_s03_epoch008,5,53
s06,s06_ex01_s03,s06_ex01_s03_epoch009,5,51
s06,s06_ex01_s03,s06_ex01_s03_epoch010,5,54
s06,s06_ex01_s03,s06_ex01_s03_epoch011,5,54
s06,s06_ex01_s03,s06_ex01_s03_epoch012,5,52
s06,s06_ex01_s03,s06_ex01_s03_epoch013,5,51
s06,s06_ex01_s03,s06_ex01_s03_epoch014,5,55
s06,s06_ex01_s03,s06_ex01_s03_epoch015,5,49
s06,s06_ex01_s03,s06_ex01_s03_epoch016,5,57
s06,s06_ex01_s03,s06_ex01_s03_epoch017,5,55
s06,s06_ex01_s03,s06_ex01_s03_epoch018,5,50
s06,s06_ex01_s03,s06_ex01_s03_epoch019,5,58
s06,s06_ex01_s03,s06_ex01_s03_epoch020,5,48
s06,s06_ex01_s03,s06_ex01_s03_epoch021,5,48
s06,s06_ex01_s03,s06_ex01_s03_epoch022,5,52
s06,s06_ex01_s03,s06_ex01_s03_epoch023,5,64
s06,s06_ex02_s01,s06_ex02_s01_epoch000,5,61
s06,s06_ex02_s01,s06_ex02_s01_epoch001,5,54
s06,s06_ex02_s01,s06_ex02_s01_epoch002,5,49
s06,s06_ex02_s01,s06_ex02_s01_epoch003,5,50
s06,s06_ex02_s01,s06_ex02_s01_epoch004,5,50
s06,s06_ex02_s01,s06_ex02_s01_epoch005,5,58
s06,s06_ex02_s01,s06_ex02_s01_epoch006,5,59
s06,s06_ex02_s01,s06_ex02_s01_epoch007,5,55
s06,s06_ex02_s01,s06_ex02_s01_epoch008,5,52
s06,s06_ex02_s01,s06_ex02_s01_epoch009,5,68
s06,s06_ex02_s01,s06_ex02_s01_epoch010,5,54
s06,s06_ex02_s01,s06_ex02_s01_epoch011,5,59
s06,s06_ex02_s01,s06_ex02_s01_epoch012,5,63
s06,s06_ex02_s01,s06_ex02_s01_epoch013,5,51
s06,s06_ex02_s01,s06_ex02_s01_epoch014,5,56
s06,s06_ex02_s01,s06_ex02_s01_epoch015,5,59
s06,s06_ex02_s01,s06_ex02_s01_epoch016,5,58
s06,s06_ex02_s01,s06_ex02_s01_epoch017,5,58
s06,s06_ex02_s01,s06_ex02_s01_epoch018,5,51
s06,s06_ex02_s01,s06_ex02_s01_epoch019,5,51
s06,s06_ex02_s01,s06_ex02_s01_epoch020,5,58
s06,s06_ex02_s01,s06_ex02_s01_epoch021,5,53
s06,s06_ex02_s01,s06_ex02_s01_epoch022,5,56
s06,s06_ex02_s01,s06_ex02_s01_epoch023,5,58
s06,s06_ex02_s02,s06_ex02_s02_epoch000,5,54
s06,s06_ex02_s02,s06_ex02_s02_epoch001,5,56
s06,s06_ex02_s02,s06_ex02_s02_epoch002,5,54
s06,s06_ex02_s02,s06_ex02_s02_epoch003,5,62
s06,s06_ex02_s02,s06_ex02_s02_epoch004,5,55
s06,s06_ex02_s02,s06_ex02_s02_epoch005,5,56
s06,s06_ex02_s02,s06_ex02_s02_epoch006,5,61
s06,s06_ex02_s02,s06_ex02_s02_epoch007,5,56
s06,s06_ex02_s02,s06_ex02_s02_epoch008,5,49
s06,s06_ex02_s02,s06_ex02_s02_epoch009,5,57
s06,s06_ex02_s02,s06_ex02_s02_epoch010,5,55
s06,s06_ex02_s02,s06_ex02_s02_epoch011,5,59
s06,s06_ex02_s02,s06_ex02_s02_epoch012,5,61
s06,s06_ex02_s02,s06_ex02_s02_epoch013,5,57
s06,s06_ex02_s02,s06_ex02_s02_epoch014,5,56
s06,s06_ex02_s02,s06_ex02_s02_epoch015,5,54
s06,s06_ex02_s02,s06_ex02_s02_epoch016,5,61
s06,s06_ex02_s02,s06_ex02_s02_epoch017,5,61
s06,s06_ex02_s02,s06_ex02_s02_epoch018,5,55
s06,s06_ex02_s02,s06_ex02_s02_epoch019,5,59
s06,s06_ex02_s02,s06_ex02_s02_epoch020,5,67
s06,s06_ex02_s02,s06_ex02_s02_epoch021,5,54
s06,s06_ex02_s02,s06_ex02_s02_epoch022,5,56
s06,s06_ex02_s02,s06_ex02_s02_epoch023,5,60
s06,s06_ex02_s03,s06_ex02_s03_epoch000,5,55
s06,s06_ex02_s03,s06_ex02_s03_epoch001,5,47
s06,s06_ex02_s03,s06_ex02_s03_epoch002,5,56
s06,s06_ex02_s03,s06_ex02_s03_epoch003,5,65
s06,s06_ex02_s03,s06_ex02_s03_epoch004,5,63
s06,s06_ex02_s03,s06_ex02_s03_epoch005,5,56
s06,s06_ex02_s03,s06_ex02_s03_epoch006,5,60
s06,s06_ex02_s03,s06_ex02_s03_epoch007,5,58
s06,s06_ex02_s03,s06_ex02_s03_epoch008,5,56
s06,s06_ex02_s03,s06_ex02_s03_epoch009,5,53
s06,s06_ex02_s03,s06_ex02_s03_epoch010,5,63
s06,s06_ex02_s03,s06_ex02_s03_epoch011,5,62
s06,s06_ex02_s03,s06_ex02_s03_epoch012,5,56
s06,s06_ex02_s03,s06_ex02_s03_epoch013,5,57
s06,s06_ex02_s03,s06_ex02_s03_epoch014,5,57
s06,s06_ex02_s03,s06_ex02_s03_epoch015,5,59
s06,s06_ex02_s03,s06_ex02_s03_epoch016,5,57
s06,s06_ex02_s03,s06_ex02_s03_epoch017,5,69
s06,s06_ex02_s03,s06_ex02_s03_epoch018,5,56
s06,s06_ex02_s03,s06_ex02_s03_epoch019,5,57
s06,s06_ex02_s03,s06_ex02_s03_epoch020,5,62
s06,s06_ex02_s03,s06_ex02_s03_epoch021,5,60
s06,s06_ex02_s03,s06_ex02_s03_epoch022,5,62
s06,s06_ex02_s03,s06_ex02_s03_epoch023,5,54
s06,s06_ex05,s06_ex05_epoch000,5,61
s06,s06_ex05,s06_ex05_epoch001,5,51
s06,s06_ex05,s06_ex05_epoch002,5,55
s06,s06_ex05,s06_ex05_epoch003,5,62
s06,s06_ex05,s06_ex05_epoch004,5,57
s06,s06_ex05,s06_ex05_epoch005,5,57
s06,s06_ex05,s06_ex05_epoch006,5,68
s06,s06_ex05,s06_ex05_epoch007,5,53
s06,s06_ex05,s06_ex05_epoch008,5,57
s06,s06_ex05,s06_ex05_epoch009,5,63
s06,s06_ex05,s06_ex05_epoch010,5,56
s06,s06_ex05,s06_ex05_epoch011,5,56
s06,s06_ex05,s06_ex05_epoch012,5,62
s06,s06_ex05,s06_ex05_epoch013,5,59
s06,s06_ex05,s06_ex05_epoch014,5,62
s06,s06_ex05,s06_ex05_epoch015,5,63
s06,s06_ex05,s06_ex05_epoch016,5,66
s06,s06_ex05,s06_ex05_epoch017,5,58
s06,s06_ex05,s06_ex05_epoch018,5,58
s06,s06_ex05,s06_ex05_epoch019,5,55
s06,s06_ex05,s06_ex05_epoch020,5,51
s06,s06_ex05,s06_ex05_epoch021,5,56
s06,s06_ex05,s06_ex05_epoch022,5,56
s06,s06_ex05,s06_ex05_epoch023,5,55
s06,s06_ex06,s06_ex06_epoch000,5,73
s06,s06_ex06,s06_ex06_epoch001,5,55
s06,s06_ex06,s06_ex06_epoch002,5,57
s06,s06_ex06,s06_ex06_epoch003,5,61
s06,s06_ex06,s06_ex06_epoch004,5,57
s06,s06_ex06,s06_ex06_epoch005,5,55
s06,s06_ex06,s06_ex06_epoch006,5,60
s06,s06_ex06,s06_ex06_epoch007,5,54
s06,s06_ex06,s06_ex06_epoch008,5,59
s06,s06_ex06,s06_ex06_epoch009,5,59
s06,s06_ex06,s06_ex06_epoch010,5,56
s06,s06_ex06,s06_ex06_epoch011,5,56
s06,s06_ex06,s06_ex06_epoch012,5,61
s06,s06_ex06,s06_ex06_epoch013,5,52
s06,s06_ex06,s06_ex06_epoch014,5,60
s06,s06_ex06,s06_ex06_epoch015,5,58
s06,s06_ex06,s06_ex06_epoch016,5,55
s06,s06_ex06,s06_ex06_epoch017,5,64
s06,s06_ex06,s06_ex06_epoch018,5,63
s06,s06_ex06,s06_ex06_epoch019,5,62
s06,s06_ex06,s06_ex06_epoch020,5,60
s06,s06_ex06,s06_ex06_epoch021,5,54
s06,s06_ex06,s06_ex06_epoch022,5,63
s06,s06_ex06,s06_ex06_epoch023,5,70
s06,s06_ex07,s06_ex07_epoch000,5,52
s06,s06_ex07,s06_ex07_epoch001,5,54
s06,s06_ex07,s06_ex07_epoch002,5,65
s06,s06_ex07,s06_ex07_epoch003,5,61
s06,s06_ex07,s06_ex07_epoch004,5,57
s06,s06_ex07,s06_ex07_epoch005,5,58
s06,s06_ex07,s06_ex07_epoch006,5,57
s06,s06_ex07,s06_ex07_epoch007,5,54
s06,s06_ex07,s06_ex07_epoch008,5,59
s06,s06_ex07,s06_ex07_epoch009,5,55
s06,s06_ex07,s06_ex07_epoch010,5,58
s06,s06_ex07,s06_ex07_epoch011,5,55
s06,s06_ex07,s06_ex07_epoch012,5,60
s06,s06_ex07,s06_ex07_epoch013,5,52
s06,s06_ex07,s06_ex07_epoch014,5,59
s06,s06_ex07,s06_ex07_epoch015,5,56
s06,s06_ex07,s06_ex07_epoch016,5,52
s06,s06_ex07,s06_ex07_epoch017,5,56
s06,s06_ex07,s06_ex07_epoch018,5,55
s06,s06_ex07,s06_ex07_epoch019,5,63
s06,s06_ex07,s06_ex07_epoch020,5,62
s06,s06_ex07,s06_ex07_epoch021,5,58
s06,s06_ex07,s06_ex07_epoch022,5,55
s06,s06_ex07,s06_ex07_epoch023,5,59
s06,s06_ex08,s06_ex08_epoch000,5,63
s06,s06_ex08,s06_ex08_epoch001,5,55
s06,s06_ex08,s06_ex08_epoch002,5,56
s06,s06_ex08,s06_ex08_epoch003,5,56
s06,s06_ex08,s06_ex08_epoch004,5,54
s06,s06_ex08,s06_ex08_epoch005,5,58
s06,s06_ex08,s06_ex08_epoch006,5,55
s06,s06_ex08,s06_ex08_epoch007,5,59
s06,s06_ex08,s06_ex08_epoch008,5,62
s06,s06_ex08,s06_ex08_epoch009,5,56
s06,s06_ex08,s06_ex08_epoch010,5,56
s06,s06_ex08,s06_ex08_epoch011,5,57
s06,s06_ex08,s06_ex08_epoch012,5,54
s06,s06_ex08,s06_ex08_epoch013,5,56
s06,s06_ex08,s06_ex08_epoch014,5,59
s06,s06_ex08,s06_ex08_epoch015,5,56
s06,s06_ex08,s06_ex08_epoch016,5,58
s06,s06_ex08,s06_ex08_epoch017,5,54
s06,s06_ex08,s06_ex08_epoch018,5,58
s06,s06_ex08,s06_ex08_epoch019,5,54
s06,s06_ex08,s06_ex08_epoch020,5,60
s06,s06_ex08,s06_ex08_epoch021,5,56
s06,s06_ex08,s06_ex08_epoch022,5,54
s06,s06_ex08,s06_ex08_epoch023,5,60
s06,s06_ex09,s06_ex09_epoch000,5,55
s06,s06_ex09,s06_ex09_epoch001,5,57
s06,s06_ex09,s06_ex09_epoch002,5,59
s06,s06_ex09,s06_ex09_epoch003,5,59
s06,s06_ex09,s06_ex09_epoch004,5,55
s06,s06_ex09,s06_ex09_epoch005,5,59
s06,s06_ex09,s06_ex09_epoch006,5,63
s06,s06_ex09,s06_ex09_epoch007,5,53
s06,s06_ex09,s06_ex09_epoch008,5,62
s06,s06_ex09,s06_ex09_epoch009,5,60
s06,s06_ex09,s06_ex09_epoch010,5,60
s06,s06_ex09,s06_ex09_epoch011,5,62
s06,s06_ex09,s06_ex09_epoch012,5,62
s06,s06_ex09,s06_ex09_epoch013,5,60
s06,s06_ex09,s06_ex09_epoch014,5,55
s06,s06_ex09,s06_ex09_epoch015,5,55
s06,s06_ex09,s06_ex09_epoch016,5,59
s06,s06_ex09,s06_ex09_epoch017,5,63
s06,s06_ex09,s06_ex09_epoch018,5,61
s06,s06_ex09,s06_ex09_epoch019,5,55
s06,s06_ex09,s06_ex09_epoch020,5,56
s06,s06_ex09,s06_ex09_epoch021,5,56
s06,s06_ex09,s06_ex09_epoch022,5,59
s06,s06_ex09,s06_ex09_epoch023,5,64
s06,s06_ex10,s06_ex10_epoch000,5,66
s06,s06_ex10,s06_ex10_epoch001,5,66
s06,s06_ex10,s06_ex10_epoch002,5,69
s06,s06_ex10,s06_ex10_epoch003,5,67
s06,s06_ex10,s06_ex10_epoch004,5,67
s06,s06_ex10,s06_ex10_epoch005,5,67
s06,s06_ex10,s06_ex10_epoch006,5,62
s06,s06_ex10,s06_ex10_epoch007,5,70
s06,s06_ex10,s06_ex10_epoch008,5,66
s06,s06_ex10,s06_ex10_epoch009,5,66
s06,s06_ex10,s06_ex10_epoch010,5,63
s06,s06_ex10,s06_ex10_epoch011,5,69
s06,s06_ex10,s06_ex10_epoch012,5,62
s06,s06_ex10,s06_ex10_epoch013,5,64
s06,s06_ex10,s06_ex10_epoch014,5,60
s06,s06_ex10,s06_ex10_epoch015,5,61
s06,s06_ex10,s06_ex10_epoch016,5,61
s06,s06_ex10,s06_ex10_epoch017,5,68
s06,s06_ex10,s06_ex10_epoch018,5,66
s06,s06_ex10,s06_ex10_epoch019,5,70
s06,s06_ex10,s06_ex10_epoch020,5,68
s06,s06_ex10,s06_ex10_epoch021,5,74
s06,s06_ex10,s06_ex10_epoch022,5,73
s06,s06_ex10,s06_ex10_epoch023,5,65
s07,s07_ex01_s01,s07_ex01_s01_epoch000,6,45
s07,s07_ex01_s01,s07_ex01_s01_epoch001,6,55
s07,s07_ex01_s01,s07_ex01_s01_epoch002,6,55
s07,s07_ex01_s01,s07_ex01_s01_epoch003,6,53
s07,s07_ex01_s01,s07_ex01_s01_epoch004,6,45
s07,s07_ex01_s01,s07_ex01_s01_epoch005,6,53
s07,s07_ex01_s01,s07_ex01_s01_epoch006,6,62
s07,s07_ex01_s01,s07_ex01_s01_epoch007,6,67
s07,s07_ex01_s01,s07_ex01_s01_epoch008,6,65
s07,s07_ex01_s01,s07_ex01_s01_epoch009,6,52
s07,s07_ex01_s01,s07_ex01_s01_epoch010,6,55
s07,s07_ex01_s01,s07_ex01_s01_epoch011,6,52
s07,s07_ex01_s01,s07_ex01_s01_epoch012,6,54
s07,s07_ex01_s01,s07_ex01_s01_epoch013,6,56
s07,s07_ex01_s01,s07_ex01_s01_epoch014,6,52
s07,s07_ex01_s01,s07_ex01_s01_epoch015,6,57
s07,s07_ex01_s01,s07_ex01_s01_epoch016,6,57
s07,s07_ex01_s01,s07_ex01_s01_epoch017,6,54
s07,s07_ex01_s01,s07_ex01_s01_epoch018,6,55
s07,s07_ex01_s01,s07_ex01_s01_epoch019,6,52
s07,s07_ex01_s01,s07_ex01_s01_epoch020,6,60
s07,s07_ex01_s01,s07_ex01_s01_epoch021,6,58
s07,s07_ex01_s01,s07_ex01_s01_epoch022,6,57
s07,s07_ex01_s01,s07_ex01_s01_epoch023,6,66
s07,s07_ex01_s02,s07_ex01_s02_epoch000,6,58
s07,s07_ex01_s02,s07_ex01_s02_epoch001,6,53
s07,s07_ex01_s02,s07_ex01_s02_epoch002,6,63
s07,s07_ex01_s02,s07_ex01_s02_epoch003,6,53
s07,s07_ex01_s02,s07_ex01_s02_epoch004,6,60
s07,s07_ex01_s02,s07_ex01_s02_epoch005,6,65
s07,s07_ex01_s02,s07_ex01_s02_epoch006,6,66
s07,s07_ex01_s02,s07_ex01_s02_epoch007,6,52
s07,s07_ex01_s02,s07_ex01_s02_epoch008,6,55
s07,s07_ex01_s02,s07_ex01_s02_epoch009,6,55
s07,s07_ex01_s02,s07_ex01_s02_epoch010,6,55
s07,s07_ex01_s02,s07_ex01_s02_epoch011,6,62
s07,s07_ex01_s02,s07_ex01_s02_epoch012,6,75
s07,s07_ex01_s02,s07_ex01_s02_epoch013,6,70
s07,s07_ex01_s02,s07_ex01_s02_epoch014,6,63
s07,s07_ex01_s02,s07_ex01_s02_epoch015,6,52
s07,s07_ex01_s02,s07_ex01_s02_epoch016,6,57
s07,s07_ex01_s02,s07_ex01_s02_epoch017,6,52
s07,s07_ex01_s02,s07_ex01_s02_epoch018,6,58
s07,s07_ex01_s02,s07_ex01_s02_epoch019,6,69
s07,s07_ex01_s02,s07_ex01_s02_epoch020,6,72
s07,s07_ex01_s02,s07_ex01_s02_epoch021,6,66
s07,s07_ex01_s02,s07_ex01_s02_epoch022,6,63
s07,s07_ex01_s02,s07_ex01_s02_epoch023,6,67
s07,s07_ex01_s03,s07_ex01_s03_epoch000,6,68
s07,s07_ex01_s03,s07_ex01_s03_epoch001,6,68
s07,s07_ex01_s03,s07_ex01_s03_epoch002,6,71
s07,s07_ex01_s03,s07_ex01_s03_epoch003,6,61
s07,s07_ex01_s03,s07_ex01_s03_epoch004,6,67
s07,s07_ex01_s03,s07_ex01_s03_epoch005,6,61
s07,s07_ex01_s03,s07_ex01_s03_epoch006,6,79
s07,s07_ex01_s03,s07_ex01_s03_epoch007,6,53
s07,s07_ex01_s03,s07_ex01_s03_epoch008,6,83
s07,s07_ex01_s03,s07_ex01_s03_epoch009,6,61
s07,s07_ex01_s03,s07_ex01_s03_epoch010,6,61
s07,s07_ex01_s03,s07_ex01_s03_epoch011,6,63
s07,s07_ex01_s03,s07_ex01_s03_epoch012,6,60
s07,s07_ex01_s03,s07_ex01_s03_epoch013,6,52
s07,s07_ex01_s03,s07_ex01_s03_epoch014,6,58
s07,s07_ex01_s03,s07_ex01_s03_epoch015,6,57
s07,s07_ex01_s03,s07_ex01_s03_epoch016,6,64
s07,s07_ex01_s03,s07_ex01_s03_epoch017,6,62
s07,s07_ex01_s03,s07_ex01_s03_epoch018,6,58
s07,s07_ex01_s03,s07_ex01_s03_epoch019,6,82
s07,s07_ex01_s03,s07_ex01_s03_epoch020,6,76
s07,s07_ex01_s03,s07_ex01_s03_epoch021,6,61
s07,s07_ex01_s03,s07_ex01_s03_epoch022,6,55
s07,s07_ex01_s03,s07_ex01_s03_epoch023,6,53
s07,s07_ex02_s01,s07_ex02_s01_epoch000,6,58
s07,s07_ex02_s01,s07_ex02_s01_epoch001,6,57
s07,s07_ex02_s01,s07_ex02_s01_epoch002,6,54
s07,s07_ex02_s01,s07_ex02_s01_epoch003,6,50
s07,s07_ex02_s01,s07_ex02_s01_epoch004,6,57
s07,s07_ex02_s01,s07_ex02_s01_epoch005,6,58
s07,s07_ex02_s01,s07_ex02_s01_epoch006,6,62
s07,s07_ex02_s01,s07_ex02_s01_epoch007,6,58
s07,s07_ex02_s01,s07_ex02_s01_epoch008,6,55
s07,s07_ex02_s01,s07_ex02_s01_epoch009,6,66
s07,s07_ex02_s01,s07_ex02_s01_epoch010,6,57
s07,s07_ex02_s01,s07_ex02_s01_epoch011,6,51
s07,s07_ex02_s01,s07_ex02_s01_epoch012,6,62
s07,s07_ex02_s01,s07_ex02_s01_epoch013,6,56
s07,s07_ex02_s01,s07_ex02_s01_epoch014,6,57
s07,s07_ex02_s01,s07_ex02_s01_epoch015,6,56
s07,s07_ex02_s01,s07_ex02_s01_epoch016,6,62
s07,s07_ex02_s01,s07_ex02_s01_epoch017,6,54
s07,s07_ex02_s01,s07_ex02_s01_epoch018,6,58
s07,s07_ex02_s01,s07_ex02_s01_epoch019,6,58
s07,s07_ex02_s01,s07_ex02_s01_epoch020,6,60
s07,s07_ex02_s01,s07_ex02_s01_epoch021,6,56
s07,s07_ex02_s01,s07_ex02_s01_epoch022,6,75
s07,s07_ex02_s01,s07_ex02_s01_epoch023,6,58
s07,s07_ex02_s02,s07_ex02_s02_epoch000,6,60
s07,s07_ex02_s02,s07_ex02_s02_epoch001,6,58
s07,s07_ex02_s02,s07_ex02_s02_epoch002,6,57
s07,s07_ex02_s02,s07_ex02_s02_epoch003,6,51
s07,s07_ex02_s02,s07_ex02_s02_epoch004,6,58
s07,s07_ex02_s02,s07_ex02_s02_epoch005,6,53
s07,s07_ex02_s02,s07_ex02_s02_epoch006,6,51
s07,s07_ex02_s02,s07_ex02_s02_epoch007,6,55
s07,s07_ex02_s02,s07_ex02_s02_epoch008,6,58
s07,s07_ex02_s02,s07_ex02_s02_epoch009,6,55
s07,s07_ex02_s02,s07_ex02_s02_epoch010,6,54
s07,s07_ex02_s02,s07_ex02_s02_epoch011,6,64
s07,s07_ex02_s02,s07_ex02_s02_epoch012,6,49
s07,s07_ex02_s02,s07_ex02_s02_epoch013,6,51
s07,s07_ex02_s02,s07_ex02_s02_epoch014,6,49
s07,s07_ex02_s02,s07_ex02_s02_epoch015,6,65
s07,s07_ex02_s02,s07_ex02_s02_epoch016,6,58
s07,s07_ex02_s02,s07_ex02_s02_epoch017,6,59
s07,s07_ex02_s02,s07_ex02_s02_epoch018,6,57
s07,s07_ex02_s02,s07_ex02_s02_epoch019,6,61
s07,s07_ex02_s02,s07_ex02_s02_epoch020,6,51
s07,s07_ex02_s02,s07_ex02_s02_epoch021,6,53
s07,s07_ex02_s02,s07_ex02_s02_epoch022,6,59
s07,s07_ex02_s02,s07_ex02_s02_epoch023,6,54
s07,s07_ex02_s03,s07_ex02_s03_epoch000,6,51
s07,s07_ex02_s03,s07_ex02_s03_epoch001,6,57
s07,s07_ex02_s03,s07_ex02_s03_epoch002,6,64
s07,s07_ex02_s03,s07_ex02_s03_epoch003,6,58
s07,s07_ex02_s03,s07_ex02_s03_epoch004,6,49
s07,s07_ex02_s03,s07_ex02_s03_epoch005,6,63
s07,s07_ex02_s03,s07_ex02_s03_epoch006,6,45
s07,s07_ex02_s03,s07_ex02_s03_epoch007,6,58
s07,s07_ex02_s03,s07_ex02_s03_epoch008,6,60
s07,s07_ex02_s03,s07_ex02_s03_epoch009,6,61
s07,s07_ex02_s03,s07_ex02_s03_epoch010,6,59
s07,s07_ex02_s03,s07_ex02_s03_epoch011,6,61
s07,s07_ex02_s03,s07_ex02_s03_epoch012,6,57
s07,s07_ex02_s03,s07_ex02_s03_epoch013,6,54
s07,s07_ex02_s03,s07_ex02_s03_epoch014,6,53
s07,s07_ex02_s03,s07_ex02_s03_epoch015,6,65
s07,s07_ex02_s03,s07_ex02_s03_epoch016,6,59
s07,s07_ex02_s03,s07_ex02_s03_epoch017,6,56
s07,s07_ex02_s03,s07_ex02_s03_epoch018,6,64
s07,s07_ex02_s03,s07_ex02_s03_epoch019,6,54
s07,s07_ex02_s03,s07_ex02_s03_epoch020,6,68
s07,s07_ex02_s03,s07_ex02_s03_epoch021,6,66
s07,s07_ex02_s03,s07_ex02_s03_epoch022,6,61
s07,s07_ex02_s03,s07_ex02_s03_epoch023,6,55
s07,s07_ex05,s07_ex05_epoch000,6,53
s07,s07_ex05,s07_ex05_epoch001,6,58
s07,s07_ex05,s07_ex05_epoch002,6,58
s07,s07_ex05,s07_ex05_epoch003,6,55
s07,s07_ex05,s07_ex05_epoch004,6,53
s07,s07_ex05,s07_ex05_epoch005,6,51
s07,s07_ex05,s07_ex05_epoch006,6,58
s07,s07_ex05,s07_ex05_epoch007,6,63
s07,s07_ex05,s07_ex05_epoch008,6,56
s07,s07_ex05,s07_ex05_epoch009,6,61
s07,s07_ex05,s07_ex05_epoch010,6,56
s07,s07_ex05,s07_ex05_epoch011,6,57
s07,s07_ex05,s07_ex05_epoch012,6,57
s07,s07_ex05,s07_ex05_epoch013,6,53
s07,s07_ex05,s07_ex05_epoch014,6,56
s07,s07_ex05,s07_ex05_epoch015,6,60
s07,s07_ex05,s07_ex05_epoch016,6,53
s07,s07_ex05,s07_ex05_epoch017,6,53
s07,s07_ex05,s07_ex05_epoch018,6,57
s07,s07_ex05,s07_ex05_epoch019,6,59
s07,s07_ex05,s07_ex05_epoch020,6,62
s07,s07_ex05,s07_ex05_epoch021,6,59
s07,s07_ex05,s07_ex05_epoch022,6,58
s07,s07_ex05,s07_ex05_epoch023,6,64
s07,s07_ex06,s07_ex06_epoch000,6,57
s07,s07_ex06,s07_ex06_epoch001,6,58
s07,s07_ex06,s07_ex06_epoch002,6,61
s07,s07_ex06,s07_ex06_epoch003,6,63
s07,s07_ex06,s07_ex06_epoch004,6,57
s07,s07_ex06,s07_ex06_epoch005,6,60
s07,s07_ex06,s07_ex06_epoch006,6,56
s07,s07_ex06,s07_ex06_epoch007,6,60
s07,s07_ex06,s07_ex06_epoch008,6,62
s07,s07_ex06,s07_ex06_epoch009,6,73
s07,s07_ex06,s07_ex06_epoch010,6,68
s07,s07_ex06,s07_ex06_epoch011,6,73
s07,s07_ex06,s07_ex06_epoch012,6,65
s07,s07_ex06,s07_ex06_epoch013,6,56
s07,s07_ex06,s07_ex06_epoch014,6,57
s07,s07_ex06,s07_ex06_epoch015,6,50
s07,s07_ex06,s07_ex06_epoch016,6,57
s07,s07_ex06,s07_ex06_epoch017,6,70
s07,s07_ex06,s07_ex06_epoch018,6,61
s07,s07_ex06,s07_ex06_epoch019,6,58
s07,s07_ex06,s07_ex06_epoch020,6,63
s07,s07_ex06,s07_ex06_epoch021,6,58
s07,s07_ex06,s07_ex06_epoch022,6,62
s07,s07_ex06,s07_ex06_epoch023,6,56
s07,s07_ex07,s07_ex07_epoch000,6,54
s07,s07_ex07,s07_ex07_epoch001,6,58
s07,s07_ex07,s07_ex07_epoch002,6,56
s07,s07_ex07,s07_ex07_epoch003,6,58
s07,s07_ex07,s07_ex07_epoch004,6,50
s07,s07_ex07,s07_ex07_epoch005,6,69
s07,s07_ex07,s07_ex07_epoch006,6,53
s07,s07_ex07,s07_ex07_epoch007,6,56
s07,s07_ex07,s07_ex07_epoch008,6,53
s07,s07_ex07,s07_ex07_epoch009,6,61
s07,s07_ex07,s07_ex07_epoch010,6,53
s07,s07_ex07,s07_ex07_epoch011,6,57
s07,s07_ex07,s07_ex07_epoch012,6,57
s07,s07_ex07,s07_ex07_epoch013,6,66
s07,s07_ex07,s07_ex07_epoch014,6,61
s07,s07_ex07,s07_ex07_epoch015,6,56
s07,s07_ex07,s07_ex07_epoch016,6,52
s07,s07_ex07,s07_ex07_epoch017,6,55
s07,s07_ex07,s07_ex07_epoch018,6,63
s07,s07_ex07,s07_ex07_epoch019,6,62
s07,s07_ex07,s07_ex07_epoch020,6,60
s07,s07_ex07,s07_ex07_epoch021,6,62
s07,s07_ex07,s07_ex07_epoch022,6,70
s07,s07_ex07,s07_ex07_epoch023,6,64
s07,s07_ex08,s07_ex08_epoch000,6,67
s07,s07_ex08,s07_ex08_epoch001,6,61
s07,s07_ex08,s07_ex08_epoch002,6,62
s07,s07_ex08,s07_ex08_epoch003,6,61
s07,s07_ex08,s07_ex08_epoch004,6,60
s07,s07_ex08,s07_ex08_epoch005,6,55
s07,s07_ex08,s07_ex08_epoch006,6,61
s07,s07_ex08,s07_ex08_epoch007,6,57
s07,s07_ex08,s07_ex08_epoch008,6,61
s07,s07_ex08,s07_ex08_epoch009,6,64
s07,s07_ex08,s07_ex08_epoch010,6,64
s07,s07_ex08,s07_ex08_epoch011,6,56
s07,s07_ex08,s07_ex08_epoch012,6,65
s07,s07_ex08,s07_ex08_epoch013,6,50
s07,s07_ex08,s07_ex08_epoch014,6,61
s07,s07_ex08,s07_ex08_epoch015,6,58
s07,s07_ex08,s07_ex08_epoch016,6,59
s07,s07_ex08,s07_ex08_epoch017,6,63
s07,s07_ex08,s07_ex08_epoch018,6,59
s07,s07_ex08,s07_ex08_epoch019,6,51
s07,s07_ex08,s07_ex08_epoch020,6,64
s07,s07_ex08,s07_ex08_epoch021,6,62
s07,s07_ex08,s07_ex08_epoch022,6,66
s07,s07_ex08,s07_ex08_epoch023,6,71
s07,s07_ex09,s07_ex09_epoch000,6,65
s07,s07_ex09,s07_ex09_epoch001,6,53
s07,s07_ex09,s07_ex09_epoch002,6,71
s07,s07_ex09,s07_ex09_epoch003,6,62
s07,s07_ex09,s07_ex09_epoch004,6,58
s07,s07_ex09,s07_ex09_epoch005,6,58
s07,s07_ex09,s07_ex09_epoch006,6,56
s07,s07_ex09,s07_ex09_epoch007,6,60
s07,s07_ex09,s07_ex09_epoch008,6,64
s07,s07_ex09,s07_ex09_epoch009,6,57
s07,s07_ex09,s07_ex09_epoch010,6,56
s07,s07_ex09,s07_ex09_epoch011,6,50
s07,s07_ex09,s07_ex09_epoch012,6,54
s07,s07_ex09,s07_ex09_epoch013,6,64
s07,s07_ex09,s07_ex09_epoch014,6,61
s07,s07_ex09,s07_ex09_epoch015,6,59
s07,s07_ex09,s07_ex09_epoch016,6,57
s07,s07_ex09,s07_ex09_epoch017,6,63
s07,s07_ex09,s07_ex09_epoch018,6,70
s07,s07_ex09,s07_ex09_epoch019,6,57
s07,s07_ex09,s07_ex09_epoch020,6,66
s07,s07_ex09,s07_ex09_epoch021,6,60
s07,s07_ex09,s07_ex09_epoch022,6,61
s07,s07_ex09,s07_ex09_epoch023,6,61
s07,s07_ex10,s07_ex10_epoch000,6,60
s07,s07_ex10,s07_ex10_epoch001,6,71
s07,s07_ex10,s07_ex10_epoch002,6,54
s07,s07_ex10,s07_ex10_epoch003,6,63
s07,s07_ex10,s07_ex10_epoch004,6,62
s07,s07_ex10,s07_ex10_epoch005,6,66
s07,s07_ex10,s07_ex10_epoch006,6,69
s07,s07_ex10,s07_ex10_epoch007,6,59
s07,s07_ex10,s07_ex10_epoch008,6,56
s07,s07_ex10,s07_ex10_epoch009,6,60
s07,s07_ex10,s07_ex10_epoch010,6,65
s07,s07_ex10,s07_ex10_epoch011,6,57
s07,s07_ex10,s07_ex10_epoch012,6,61
s07,s07_ex10,s07_ex10_epoch013,6,60
s07,s07_ex10,s07_ex10_epoch014,6,64
s07,s07_ex10,s07_ex10_epoch015,6,54
s07,s07_ex10,s07_ex10_epoch016,6,66
s07,s07_ex10,s07_ex10_epoch017,6,50
s07,s07_ex10,s07_ex10_epoch018,6,60
s07,s07_ex10,s07_ex10_epoch019,6,61
s07,s07_ex10,s07_ex10_epoch020,6,56
s07,s07_ex10,s07_ex10_epoch021,6,69
s07,s07_ex10,s07_ex10_epoch022,6,58
s07,s07_ex10,s07_ex10_epoch023,6,59
s08,s08_ex01_s01,s08_ex01_s01_epoch000,7,54
s08,s08_ex01_s01,s08_ex01_s01_epoch001,7,61
s08,s08_ex01_s01,s08_ex01_s01_epoch002,7,70
s08,s08_ex01_s01,s08_ex01_s01_epoch003,7,49
s08,s08_ex01_s01,s08_ex01_s01_epoch004,7,56
s08,s08_ex01_s01,s08_ex01_s01_epoch005,7,55
s08,s08_ex01_s01,s08_ex01_s01_epoch006,7,60
s08,s08_ex01_s01,s08_ex01_s01_epoch007,7,56
s08,s08_ex01_s01,s08_ex01_s01_epoch008,7,49
s08,s08_ex01_s01,s08_ex01_s01_epoch009,7,56
s08,s08_ex01_s01,s08_ex01_s01_epoch010,7,60
s08,s08_ex01_s01,s08_ex01_s01_epoch011,7,66
s08,s08_ex01_s01,s08_ex01_s01_epoch012,7,70
s08,s08_ex01_s01,s08_ex01_s01_epoch013,7,53
s08,s08_ex01_s01,s08_ex01_s01_epoch014,7,35
s08,s08_ex01_s01,s08_ex01_s01_epoch015,7,59
s08,s08_ex01_s01,s08_ex01_s01_epoch016,7,50
s08,s08_ex01_s01,s08_ex01_s01_epoch017,7,56
s08,s08_ex01_s01,s08_ex01_s01_epoch018,7,48
s08,s08_ex01_s01,s08_ex01_s01_epoch019,7,60
s08,s08_ex01_s01,s08_ex01_s01_epoch020,7,55
s08,s08_ex01_s01,s08_ex01_s01_epoch021,7,52
s08,s08_ex01_s01,s08_ex01_s01_epoch022,7,56
s08,s08_ex01_s01,s08_ex01_s01_epoch023,7,58
s08,s08_ex01_s02,s08_ex01_s02_epoch000,7,68
s08,s08_ex01_s02,s08_ex01_s02_epoch001,7,55
s08,s08_ex01_s02,s08_ex01_s02_epoch002,7,51
s08,s08_ex01_s02,s08_ex01_s02_epoch003,7,59
s08,s08_ex01_s02,s08_ex01_s02_epoch004,7,53
s08,s08_ex01_s02,s08_ex01_s02_epoch005,7,64
s08,s08_ex01_s02,s08_ex01_s02_epoch006,7,62
s08,s08_ex01_s02,s08_ex01_s02_epoch007,7,59
s08,s08_ex01_s02,s08_ex01_s02_epoch008,7,61
s08,s08_ex01_s02,s08_ex01_s02_epoch009,7,59
s08,s08_ex01_s02,s08_ex01_s02_epoch010,7,58
s08,s08_ex01_s02,s08_ex01_s02_epoch011,7,62
s08,s08_ex01_s02,s08_ex01_s02_epoch012,7,64
s08,s08_ex01_s02,s08_ex01_s02_epoch013,7,56
s08,s08_ex01_s02,s08_ex01_s02_epoch014,7,55
s08,s08_ex01_s02,s08_ex01_s02_epoch015,7,58
s08,s08_ex01_s02,s08_ex01_s02_epoch016,7,51
s08,s08_ex01_s02,s08_ex01_s02_epoch017,7,54
s08,s08_ex01_s02,s08_ex01_s02_epoch018,7,56
s08,s08_ex01_s02,s08_ex01_s02_epoch019,7,56
s08,s08_ex01_s02,s08_ex01_s02_epoch020,7,56
s08,s08_ex01_s02,s08_ex01_s02_epoch021,7,61
s08,s08_ex01_s02,s08_ex01_s02_epoch022,7,54
s08,s08_ex01_s02,s08_ex01_s02_epoch023,7,61
s08,s08_ex01_s03,s08_ex01_s03_epoch000,7,74
s08,s08_ex01_s03,s08_ex01_s03_epoch001,7,70
s08,s08_ex01_s03,s08_ex01_s03_epoch002,7,71
s08,s08_ex01_s03,s08_ex01_s03_epoch003,7,77
s08,s08_ex01_s03,s08_ex01_s03_epoch004,7,73
s08,s08_ex01_s03,s08_ex01_s03_epoch005,7,75
s08,s08_ex01_s03,s08_ex01_s03_epoch006,7,74
s08,s08_ex01_s03,s08_ex01_s03_epoch007,7,58
s08,s08_ex01_s03,s08_ex01_s03_epoch008,7,75
s08,s08_ex01_s03,s08_ex01_s03_epoch009,7,55
s08,s08_ex01_s03,s08_ex01_s03_epoch010,7,57
s08,s08_ex01_s03,s08_ex01_s03_epoch011,7,62
s08,s08_ex01_s03,s08_ex01_s03_epoch012,7,64
s08,s08_ex01_s03,s08_ex01_s03_epoch013,7,64
s08,s08_ex01_s03,s08_ex01_s03_epoch014,7,54
s08,s08_ex01_s03,s08_ex01_s03_epoch015,7,76
s08,s08_ex01_s03,s08_ex01_s03_epoch016,7,61
s08,s08_ex01_s03,s08_ex01_s03_epoch017,7,65
s08,s08_ex01_s03,s08_ex01_s03_epoch018,7,66
s08,s08_ex01_s03,s08_ex01_s03_epoch019,7,58
s08,s08_ex01_s03,s08_ex01_s03_epoch020,7,61
s08,s08_ex01_s03,s08_ex01_s03_epoch021,7,61
s08,s08_ex01_s03,s08_ex01_s03_epoch022,7,73
s08,s08_ex01_s03,s08_ex01_s03_epoch023,7,62
s08,s08_ex02_s01,s08_ex02_s01_epoch000,7,50
s08,s08_ex02_s01,s08_ex02_s01_epoch001,7,61
s08,s08_ex02_s01,s08_ex02_s01_epoch002,7,59
s08,s08_ex02_s01,s08_ex02_s01_epoch003,7,66
s08,s08_ex02_s01,s08_ex02_s01_epoch004,7,62
s08,s08_ex02_s01,s08_ex02_s01_epoch005,7,63
s08,s08_ex02_s01,s08_ex02_s01_epoch006,7,56
s08,s08_ex02_s01,s08_ex02_s01_epoch007,7,63
s08,s08_ex02_s01,s08_ex02_s01_epoch008,7,61
s08,s08_ex02_s01,s08_ex02_s01_epoch009,7,61
s08,s08_ex02_s01,s08_ex02_s01_epoch010,7,60
s08,s08_ex02_s01,s08_ex02_s01_epoch011,7,60
s08,s08_ex02_s01,s08_ex02_s01_epoch012,7,57
s08,s08_ex02_s01,s08_ex02_s01_epoch013,7,53
s08,s08_ex02_s01,s08_ex02_s01_epoch014,7,56
s08,s08_ex02_s01,s08_ex02_s01_epoch015,7,62
s08,s08_ex02_s01,s08_ex02_s01_epoch016,7,58
s08,s08_ex02_s01,s08_ex02_s01_epoch017,7,59
s08,s08_ex02_s01,s08_ex02_s01_epoch018,7,59
s08,s08_ex02_s01,s08_ex02_s01_epoch019,7,60
s08,s08_ex02_s01,s08_ex02_s01_epoch020,7,66
s08,s08_ex02_s01,s08_ex02_s01_epoch021,7,59
s08,s08_ex02_s01,s08_ex02_s01_epoch022,7,67
s08,s08_ex02_s01,s08_ex02_s01_epoch023,7,56
s08,s08_ex02_s02,s08_ex02_s02_epoch000,7,58
s08,s08_ex02_s02,s08_ex02_s02_epoch001,7,59
s08,s08_ex02_s02,s08_ex02_s02_epoch002,7,65
s08,s08_ex02_s02,s08_ex02_s02_epoch003,7,52
s08,s08_ex02_s02,s08_ex02_s02_epoch004,7,62
s08,s08_ex02_s02,s08_ex02_s02_epoch005,7,61
s08,s08_ex02_s02,s08_ex02_s02_epoch006,7,57
s08,s08_ex02_s02,s08_ex02_s02_epoch007,7,62
s08,s08_ex02_s02,s08_ex02_s02_epoch008,7,59
s08,s08_ex02_s02,s08_ex02_s02_epoch009,7,63
s08,s08_ex02_s02,s08_ex02_s02_epoch010,7,58
s08,s08_ex02_s02,s08_ex02_s02_epoch011,7,61
s08,s08_ex02_s02,s08_ex02_s02_epoch012,7,62
s08,s08_ex02_s02,s08_ex02_s02_epoch013,7,58
s08,s08_ex02_s02,s08_ex02_s02_epoch014,7,65
s08,s08_ex02_s02,s08_ex02_s02_epoch015,7,55
s08,s08_ex02_s02,s08_ex02_s02_epoch016,7,64
s08,s08_ex02_s02,s08_ex02_s02_epoch017,7,58
s08,s08_ex02_s02,s08_ex02_s02_epoch018,7,60
s08,s08_ex02_s02,s08_ex02_s02_epoch019,7,57
s08,s08_ex02_s02,s08_ex02_s02_epoch020,7,57
s08,s08_ex02_s02,s08_ex02_s02_epoch021,7,64
s08,s08_ex02_s02,s08_ex02_s02_epoch022,7,56
s08,s08_ex02_s02,s08_ex02_s02_epoch023,7,44
s08,s08_ex02_s03,s08_ex02_s03_epoch000,7,70
s08,s08_ex02_s03,s08_ex02_s03_epoch001,7,66
s08,s08_ex02_s03,s08_ex02_s03_epoch002,7,52
s08,s08_ex02_s03,s08_ex02_s03_epoch003,7,57
s08,s08_ex02_s03,s08_ex02_s03_epoch004,7,56
s08,s08_ex02_s03,s08_ex02_s03_epoch005,7,60
s08,s08_ex02_s03,s08_ex02_s03_epoch006,7,58
s08,s08_ex02_s03,s08_ex02_s03_epoch007,7,56
s08,s08_ex02_s03,s08_ex02_s03_epoch008,7,59
s08,s08_ex02_s03,s08_ex02_s03_epoch009,7,58
s08,s08_ex02_s03,s08_ex02_s03_epoch010,7,58
s08,s08_ex02_s03,s08_ex02_s03_epoch011,7,55
s08,s08_ex02_s03,s08_ex02_s03_epoch012,7,55
s08,s08_ex02_s03,s08_ex02_s03_epoch013,7,65
s08,s08_ex02_s03,s08_ex02_s03_epoch014,7,59
s08,s08_ex02_s03,s08_ex02_s03_epoch015,7,63
s08,s08_ex02_s03,s08_ex02_s03_epoch016,7,54
s08,s08_ex02_s03,s08_ex02_s03_epoch017,7,58
s08,s08_ex02_s03,s08_ex02_s03_epoch018,7,56
s08,s08_ex02_s03,s08_ex02_s03_epoch019,7,59
s08,s08_ex02_s03,s08_ex02_s03_epoch020,7,57
s08,s08_ex02_s03,s08_ex02_s03_epoch021,7,63
s08,s08_ex02_s03,s08_ex02_s03_epoch022,7,64
s08,s08_ex02_s03,s08_ex02_s03_epoch023,7,64
s08,s08_ex05,s08_ex05_epoch000,7,59
s08,s08_ex05,s08_ex05_epoch001,7,57
s08,s08_ex05,s08_ex05_epoch002,7,62
s08,s08_ex05,s08_ex05_epoch003,7,56
s08,s08_ex05,s08_ex05_epoch004,7,54
s08,s08_ex05,s08_ex05_epoch005,7,61
s08,s08_ex05,s08_ex05_epoch006,7,60
s08,s08_ex05,s08_ex05_epoch007,7,54
s08,s08_ex05,s08_ex05_epoch008,7,54
s08,s08_ex05,s08_ex05_epoch009,7,63
s08,s08_ex05,s08_ex05_epoch010,7,64
s08,s08_ex05,s08_ex05_epoch011,7,55
s08,s08_ex05,s08_ex05_epoch012,7,59
s08,s08_ex05,s08_ex05_epoch013,7,63
s08,s08_ex05,s08_ex05_epoch014,7,61
s08,s08_ex05,s08_ex05_epoch015,7,67
s08,s08_ex05,s08_ex05_epoch016,7,55
s08,s08_ex05,s08_ex05_epoch017,7,56
s08,s08_ex05,s08_ex05_epoch018,7,64
s08,s08_ex05,s08_ex05_epoch019,7,65
s08,s08_ex05,s08_ex05_epoch020,7,58
s08,s08_ex05,s08_ex05_epoch021,7,63
s08,s08_ex05,s08_ex05_epoch022,7,64
s08,s08_ex05,s08_ex05_epoch023,7,60
s08,s08_ex06,s08_ex06_epoch000,7,56
s08,s08_ex06,s08_ex06_epoch001,7,63
s08,s08_ex06,s08_ex06_epoch002,7,58
s08,s08_ex06,s08_ex06_epoch003,7,54
s08,s08_ex06,s08_ex06_epoch004,7,63
s08,s08_ex06,s08_ex06_epoch005,7,62
s08,s08_ex06,s08_ex06_epoch006,7,65
s08,s08_ex06,s08_ex06_epoch007,7,67
s08,s08_ex06,s08_ex06_epoch008,7,63
s08,s08_ex06,s08_ex06_epoch009,7,63
s08,s08_ex06,s08_ex06_epoch010,7,56
s08,s08_ex06,s08_ex06_epoch011,7,63
s08,s08_ex06,s08_ex06_epoch012,7,61
s08,s08_ex06,s08_ex06_epoch013,7,63
s08,s08_ex06,s08_ex06_epoch014,7,62
s08,s08_ex06,s08_ex06_epoch015,7,61
s08,s08_ex06,s08_ex06_epoch016,7,62
s08,s08_ex06,s08_ex06_epoch017,7,65
s08,s08_ex06,s08_ex06_epoch018,7,61
s08,s08_ex06,s08_ex06_epoch019,7,64
s08,s08_ex06,s08_ex06_epoch020,7,57
s08,s08_ex06,s08_ex06_epoch021,7,60
s08,s08_ex06,s08_ex06_epoch022,7,58
s08,s08_ex06,s08_ex06_epoch023,7,58
s08,s08_ex07,s08_ex07_epoch000,7,65
s08,s08_ex07,s08_ex07_epoch001,7,59
s08,s08_ex07,s08_ex07_epoch002,7,66
s08,s08_ex07,s08_ex07_epoch003,7,59
s08,s08_ex07,s08_ex07_epoch004,7,67
s08,s08_ex07,s08_ex07_epoch005,7,63
s08,s08_ex07,s08_ex07_epoch006,7,56
s08,s08_ex07,s08_ex07_epoch007,7,65
s08,s08_ex07,s08_ex07_epoch008,7,63
s08,s08_ex07,s08_ex07_epoch009,7,63
s08,s08_ex07,s08_ex07_epoch010,7,55
s08,s08_ex07,s08_ex07_epoch011,7,60
s08,s08_ex07,s08_ex07_epoch012,7,64
s08,s08_ex07,s08_ex07_epoch013,7,66
s08,s08_ex07,s08_ex07_epoch014,7,59
s08,s08_ex07,s08_ex07_epoch015,7,62
s08,s08_ex07,s08_ex07_epoch016,7,66
s08,s08_ex07,s08_ex07_epoch017,7,68
s08,s08_ex07,s08_ex07_epoch018,7,56
s08,s08_ex07,s08_ex07_epoch019,7,61
s08,s08_ex07,s08_ex07_epoch020,7,63
s08,s08_ex07,s08_ex07_epoch021,7,61
s08,s08_ex07,s08_ex07_epoch022,7,56
s08,s08_ex07,s08_ex07_epoch023,7,61
s08,s08_ex08,s08_ex08_epoch000,7,51
s08,s08_ex08,s08_ex08_epoch001,7,62
s08,s08_ex08,s08_ex08_epoch002,7,60
s08,s08_ex08,s08_ex08_epoch003,7,58
s08,s08_ex08,s08_ex08_epoch004,7,60
s08,s08_ex08,s08_ex08_epoch005,7,58
s08,s08_ex08,s08_ex08_epoch006,7,63
s08,s08_ex08,s08_ex08_epoch007,7,58
s08,s08_ex08,s08_ex08_epoch008,7,67
s08,s08_ex08,s08_ex08_epoch009,7,52
s08,s08_ex08,s08_ex08_epoch010,7,67
s08,s08_ex08,s08_ex08_epoch011,7,69
s08,s08_ex08,s08_ex08_epoch012,7,57
s08,s08_ex08,s08_ex08_epoch013,7,66
s08,s08_ex08,s08_ex08_epoch014,7,61
s08,s08_ex08,s08_ex08_epoch015,7,67
s08,s08_ex08,s08_ex08_epoch016,7,67
s08,s08_ex08,s08_ex08_epoch017,7,58
s08,s08_ex08,s08_ex08_epoch018,7,69
s08,s08_ex08,s08_ex08_epoch019,7,61
s08,s08_ex08,s08_ex08_epoch020,7,61
s08,s08_ex08,s08_ex08_epoch021,7,58
s08,s08_ex08,s08_ex08_epoch022,7,66
s08,s08_ex08,s08_ex08_epoch023,7,65
s08,s08_ex09,s08_ex09_epoch000,7,55
s08,s08_ex09,s08_ex09_epoch001,7,69
s08,s08_ex09,s08_ex09_epoch002,7,55
s08,s08_ex09,s08_ex09_epoch003,7,59
s08,s08_ex09,s08_ex09_epoch004,7,56
s08,s08_ex09,s08_ex09_epoch005,7,58
s08,s08_ex09,s08_ex09_epoch006,7,63
s08,s08_ex09,s08_ex09_epoch007,7,62
s08,s08_ex09,s08_ex09_epoch008,7,53
s08,s08_ex09,s08_ex09_epoch009,7,51
s08,s08_ex09,s08_ex09_epoch010,7,58
s08,s08_ex09,s08_ex09_epoch011,7,69
s08,s08_ex09,s08_ex09_epoch012,7,67
s08,s08_ex09,s08_ex09_epoch013,7,67
s08,s08_ex09,s08_ex09_epoch014,7,63
s08,s08_ex09,s08_ex09_epoch015,7,60
s08,s08_ex09,s08_ex09_epoch016,7,59
s08,s08_ex09,s08_ex09_epoch017,7,62
s08,s08_ex09,s08_ex09_epoch018,7,51
s08,s08_ex09,s08_ex09_epoch019,7,46
s08,s08_ex09,s08_ex09_epoch020,7,56
s08,s08_ex09,s08_ex09_epoch021,7,62
s08,s08_ex09,s08_ex09_epoch022,7,55
s08,s08_ex09,s08_ex09_epoch023,7,70
s08,s08_ex10,s08_ex10_epoch000,7,58
s08,s08_ex10,s08_ex10_epoch001,7,62
s08,s08_ex10,s08_ex10_epoch002,7,63
s08,s08_ex10,s08_ex10_epoch003,7,59
s08,s08_ex10,s08_ex10_epoch004,7,53
s08,s08_ex10,s08_ex10_epoch005,7,64
s08,s08_ex10,s08_ex10_epoch006,7,64
s08,s08_ex10,s08_ex10_epoch007,7,43
s08,s08_ex10,s08_ex10_epoch008,7,58
s08,s08_ex10,s08_ex10_epoch009,7,57
s08,s08_ex10,s08_ex10_epoch010,7,59
s08,s08_ex10,s08_ex10_epoch011,7,65
s08,s08_ex10,s08_ex10_epoch012,7,60
s08,s08_ex10,s08_ex10_epoch013,7,52
s08,s08_ex10,s08_ex10_epoch014,7,61
s08,s08_ex10,s08_ex10_epoch015,7,59
s08,s08_ex10,s08_ex10_epoch016,7,52
s08,s08_ex10,s08_ex10_epoch017,7,57
s08,s08_ex10,s08_ex10_epoch018,7,57
s08,s08_ex10,s08_ex10_epoch019,7,61
s08,s08_ex10,s08_ex10_epoch020,7,63
s08,s08_ex10,s08_ex10_epoch021,7,53
s08,s08_ex10,s08_ex10_epoch022,7,63
s08,s08_ex10,s08_ex10_epoch023,7,61
s09,s09_ex01_s01,s09_ex01_s01_epoch000,8,51
s09,s09_ex01_s01,s09_ex01_s01_epoch001,8,61
s09,s09_ex01_s01,s09_ex01_s01_epoch002,8,46
s09,s09_ex01_s01,s09_ex01_s01_epoch003,8,48
s09,s09_ex01_s01,s09_ex01_s01_epoch004,8,54
s09,s09_ex01_s01,s09_ex01_s01_epoch005,8,63
s09,s09_ex01_s01,s09_ex01_s01_epoch006,8,57
s09,s09_ex01_s01,s09_ex01_s01_epoch007,8,47
s09,s09_ex01_s01,s09_ex01_s01_epoch008,8,54
s09,s09_ex01_s01,s09_ex01_s01_epoch009,8,50
s09,s09_ex01_s01,s09_ex01_s01_epoch010,8,48
s09,s09_ex01_s01,s09_ex01_s01_epoch011,8,52
s09,s09_ex01_s01,s09_ex01_s01_epoch012,8,50
s09,s09_ex01_s01,s09_ex01_s01_epoch013,8,47
s09,s09_ex01_s01,s09_ex01_s01_epoch014,8,48
s09,s09_ex01_s01,s09_ex01_s01_epoch015,8,54
s09,s09_ex01_s01,s09_ex01_s01_epoch016,8,48
s09,s09_ex01_s01,s09_ex01_s01_epoch017,8,52
s09,s09_ex01_s01,s09_ex01_s01_epoch018,8,47
s09,s09_ex01_s01,s09_ex01_s01_epoch019,8,46
s09,s09_ex01_s01,s09_ex01_s01_epoch020,8,70
s09,s09_ex01_s01,s09_ex01_s01_epoch021,8,59
s09,s09_ex01_s01,s09_ex01_s01_epoch022,8,54
s09,s09_ex01_s01,s09_ex01_s01_epoch023,8,69
s09,s09_ex01_s02,s09_ex01_s02_epoch000,8,59
s09,s09_ex01_s02,s09_ex01_s02_epoch001,8,66
s09,s09_ex01_s02,s09_ex01_s02_epoch002,8,59
s09,s09_ex01_s02,s09_ex01_s02_epoch003,8,51
s09,s09_ex01_s02,s09_ex01_s02_epoch004,8,57
s09,s09_ex01_s02,s09_ex01_s02_epoch005,8,45
s09,s09_ex01_s02,s09_ex01_s02_epoch006,8,71
s09,s09_ex01_s02,s09_ex01_s02_epoch007,8,57
s09,s09_ex01_s02,s09_ex01_s02_epoch008,8,62
s09,s09_ex01_s02,s09_ex01_s02_epoch009,8,47
s09,s09_ex01_s02,s09_ex01_s02_epoch010,8,48
s09,s09_ex01_s02,s09_ex01_s02_epoch011,8,55
s09,s09_ex01_s02,s09_ex01_s02_epoch012,8,54
s09,s09_ex01_s02,s09_ex01_s02_epoch013,8,55
s09,s09_ex01_s02,s09_ex01_s02_epoch014,8,69
s09,s09_ex01_s02,s09_ex01_s02_epoch015,8,57
s09,s09_ex01_s02,s09_ex01_s02_epoch016,8,55
s09,s09_ex01_s02,s09_ex01_s02_epoch017,8,62
s09,s09_ex01_s02,s09_ex01_s02_epoch018,8,63
s09,s09_ex01_s02,s09_ex01_s02_epoch019,8,58
s09,s09_ex01_s02,s09_ex01_s02_epoch020,8,54
s09,s09_ex01_s02,s09_ex01_s02_epoch021,8,53
s09,s09_ex01_s02,s09_ex01_s02_epoch022,8,73
s09,s09_ex01_s02,s09_ex01_s02_epoch023,8,50
s09,s09_ex01_s03,s09_ex01_s03_epoch000,8,51
s09,s09_ex01_s03,s09_ex01_s03_epoch001,8,51
s09,s09_ex01_s03,s09_ex01_s03_epoch002,8,50
s09,s09_ex01_s03,s09_ex01_s03_epoch003,8,53
s09,s09_ex01_s03,s09_ex01_s03_epoch004,8,51
s09,s09_ex01_s03,s09_ex01_s03_epoch005,8,61
s09,s09_ex01_s03,s09_ex01_s03_epoch006,8,41
s09,s09_ex01_s03,s09_ex01_s03_epoch007,8,52
s09,s09_ex01_s03,s09_ex01_s03_epoch008,8,46
s09,s09_ex01_s03,s09_ex01_s03_epoch009,8,63
s09,s09_ex01_s03,s09_ex01_s03_epoch010,8,50
s09,s09_ex01_s03,s09_ex01_s03_epoch011,8,48
s09,s09_ex01_s03,s09_ex01_s03_epoch012,8,55
s09,s09_ex01_s03,s09_ex01_s03_epoch013,8,56
s09,s09_ex01_s03,s09_ex01_s03_epoch014,8,57
s09,s09_ex01_s03,s09_ex01_s03_epoch015,8,50
s09,s09_ex01_s03,s09_ex01_s03_epoch016,8,54
s09,s09_ex01_s03,s09_ex01_s03_epoch017,8,57
s09,s09_ex01_s03,s09_ex01_s03_epoch018,8,51
s09,s09_ex01_s03,s09_ex01_s03_epoch019,8,51
s09,s09_ex01_s03,s09_ex01_s03_epoch020,8,55
s09,s09_ex01_s03,s09_ex01_s03_epoch021,8,54
s09,s09_ex01_s03,s09_ex01_s03_epoch022,8,54
s09,s09_ex01_s03,s09_ex01_s03_epoch023,8,55
s09,s09_ex02_s01,s09_ex02_s01_epoch000,8,55
s09,s09_ex02_s01,s09_ex02_s01_epoch001,8,57
s09,s09_ex02_s01,s09_ex02_s01_epoch002,8,56
s09,s09_ex02_s01,s09_ex02_s01_epoch003,8,49
s09,s09_ex02_s01,s09_ex02_s01_epoch004,8,57
s09,s09_ex02_s01,s09_ex02_s01_epoch005,8,56
s09,s09_ex02_s01,s09_ex02_s01_epoch006,8,56
s09,s09_ex02_s01,s09_ex02_s01_epoch007,8,53
s09,s09_ex02_s01,s09_ex02_s01_epoch008,8,58
s09,s09_ex02_s01,s09_ex02_s01_epoch009,8,59
s09,s09_ex02_s01,s09_ex02_s01_epoch010,8,57
s09,s09_ex02_s01,s09_ex02_s01_epoch011,8,56
s09,s09_ex02_s01,s09_ex02_s01_epoch012,8,57
s09,s09_ex02_s01,s09_ex02_s01_epoch013,8,55
s09,s09_ex02_s01,s09_ex02_s01_epoch014,8,59
s09,s09_ex02_s01,s09_ex02_s01_epoch015,8,60
s09,s09_ex02_s01,s09_ex02_s01_epoch016,8,57
s09,s09_ex02_s01,s09_ex02_s01_epoch017,8,60
s09,s09_ex02_s01,s09_ex02_s01_epoch018,8,64
s09,s09_ex02_s01,s09_ex02_s01_epoch019,8,56
s09,s09_ex02_s01,s09_ex02_s01_epoch020,8,55
s09,s09_ex02_s01,s09_ex02_s01_epoch021,8,50
s09,s09_ex02_s01,s09_ex02_s01_epoch022,8,53
s09,s09_ex02_s01,s09_ex02_s01_epoch023,8,53
s09,s09_ex02_s02,s09_ex02_s02_epoch000,8,54
s09,s09_ex02_s02,s09_ex02_s02_epoch001,8,63
s09,s09_ex02_s02,s09_ex02_s02_epoch002,8,49
s09,s09_ex02_s02,s09_ex02_s02_epoch003,8,49
s09,s09_ex02_s02,s09_ex02_s02_epoch004,8,57
s09,s09_ex02_s02,s09_ex02_s02_epoch005,8,55
s09,s09_ex02_s02,s09_ex02_s02_epoch006,8,63
s09,s09_ex02_s02,s09_ex02_s02_epoch007,8,58
s09,s09_ex02_s02,s09_ex02_s02_epoch008,8,63
s09,s09_ex02_s02,s09_ex02_s02_epoch009,8,58
s09,s09_ex02_s02,s09_ex02_s02_epoch010,8,66
s09,s09_ex02_s02,s09_ex02_s02_epoch011,8,46
s09,s09_ex02_s02,s09_ex02_s02_epoch012,8,68
s09,s09_ex02_s02,s09_ex02_s02_epoch013,8,55
s09,s09_ex02_s02,s09_ex02_s02_epoch014,8,58
s09,s09_ex02_s02,s09_ex02_s02_epoch015,8,51
s09,s09_ex02_s02,s09_ex02_s02_epoch016,8,61
s09,s09_ex02_s02,s09_ex02_s02_epoch017,8,58
s09,s09_ex02_s02,s09_ex02_s02_epoch018,8,55
s09,s09_ex02_s02,s09_ex02_s02_epoch019,8,62
s09,s09_ex02_s02,s09_ex02_s02_epoch020,8,54
s09,s09_ex02_s02,s09_ex02_s02_epoch021,8,54
s09,s09_ex02_s02,s09_ex02_s02_epoch022,8,56
s09,s09_ex02_s02,s09_ex02_s02_epoch023,8,53
s09,s09_ex02_s03,s09_ex02_s03_epoch000,8,55
s09,s09_ex02_s03,s09_ex02_s03_epoch001,8,50
s09,s09_ex02_s03,s09_ex02_s03_epoch002,8,59
s09,s09_ex02_s03,s09_ex02_s03_epoch003,8,59
s09,s09_ex02_s03,s09_ex02_s03_epoch004,8,54
s09,s09_ex02_s03,s09_ex02_s03_epoch005,8,52
s09,s09_ex02_s03,s09_ex02_s03_epoch006,8,56
s09,s09_ex02_s03,s09_ex02_s03_epoch007,8,59
s09,s09_ex02_s03,s09_ex02_s03_epoch008,8,67
s09,s09_ex02_s03,s09_ex02_s03_epoch009,8,57
s09,s09_ex02_s03,s09_ex02_s03_epoch010,8,62
s09,s09_ex02_s03,s09_ex02_s03_epoch011,8,55
s09,s09_ex02_s03,s09_ex02_s03_epoch012,8,59
s09,s09_ex02_s03,s09_ex02_s03_epoch013,8,52
s09,s09_ex02_s03,s09_ex02_s03_epoch014,8,51
s09,s09_ex02_s03,s09_ex02_s03_epoch015,8,63
s09,s09_ex02_s03,s09_ex02_s03_epoch016,8,56
s09,s09_ex02_s03,s09_ex02_s03_epoch017,8,58
s09,s09_ex02_s03,s09_ex02_s03_epoch018,8,63
s09,s09_ex02_s03,s09_ex02_s03_epoch019,8,49
s09,s09_ex02_s03,s09_ex02_s03_epoch020,8,54
s09,s09_ex02_s03,s09_ex02_s03_epoch021,8,57
s09,s09_ex02_s03,s09_ex02_s03_epoch022,8,57
s09,s09_ex02_s03,s09_ex02_s03_epoch023,8,59
s09,s09_ex05,s09_ex05_epoch000,8,60
s09,s09_ex05,s09_ex05_epoch001,8,62
s09,s09_ex05,s09_ex05_epoch002,8,68
s09,s09_ex05,s09_ex05_epoch003,8,57
s09,s09_ex05,s09_ex05_epoch004,8,59
s09,s09_ex05,s09_ex05_epoch005,8,51
s09,s09_ex05,s09_ex05_epoch006,8,58
s09,s09_ex05,s09_ex05_epoch007,8,52
s09,s09_ex05,s09_ex05_epoch008,8,57
s09,s09_ex05,s09_ex05_epoch009,8,56
s09,s09_ex05,s09_ex05_epoch010,8,58
s09,s09_ex05,s09_ex05_epoch011,8,54
s09,s09_ex05,s09_ex05_epoch012,8,54
s09,s09_ex05,s09_ex05_epoch013,8,53
s09,s09_ex05,s09_ex05_epoch014,8,56
s09,s09_ex05,s09_ex05_epoch015,8,54
s09,s09_ex05,s09_ex05_epoch016,8,51
s09,s09_ex05,s09_ex05_epoch017,8,53
s09,s09_ex05,s09_ex05_epoch018,8,53
s09,s09_ex05,s09_ex05_epoch019,8,52
s09,s09_ex05,s09_ex05_epoch020,8,51
s09,s09_ex05,s09_ex05_epoch021,8,61
s09,s09_ex05,s09_ex05_epoch022,8,58
s09,s09_ex05,s09_ex05_epoch023,8,54
s09,s09_ex06,s09_ex06_epoch000,8,64
s09,s09_ex06,s09_ex06_epoch001,8,59
s09,s09_ex06,s09_ex06_epoch002,8,61
s09,s09_ex06,s09_ex06_epoch003,8,58
s09,s09_ex06,s09_ex06_epoch004,8,52
s09,s09_ex06,s09_ex06_epoch005,8,62
s09,s09_ex06,s09_ex06_epoch006,8,49
s09,s09_ex06,s09_ex06_epoch007,8,55
s09,s09_ex06,s09_ex06_epoch008,8,55
s09,s09_ex06,s09_ex06_epoch009,8,62
s09,s09_ex06,s09_ex06_epoch010,8,53
s09,s09_ex06,s09_ex06_epoch011,8,52
s09,s09_ex06,s09_ex06_epoch012,8,53
s09,s09_ex06,s09_ex06_epoch013,8,59
s09,s09_ex06,s09_ex06_epoch014,8,59
s09,s09_ex06,s09_ex06_epoch015,8,56
s09,s09_ex06,s09_ex06_epoch016,8,56
s09,s09_ex06,s09_ex06_epoch017,8,55
s09,s09_ex06,s09_ex06_epoch018,8,56
s09,s09_ex06,s09_ex06_epoch019,8,63
s09,s09_ex06,s09_ex06_epoch020,8,61
s09,s09_ex06,s09_ex06_epoch021,8,56
s09,s09_ex06,s09_ex06_epoch022,8,50
s09,s09_ex06,s09_ex06_epoch023,8,63
s09,s09_ex07,s09_ex07_epoch000,8,47
s09,s09_ex07,s09_ex07_epoch001,8,51
s09,s09_ex07,s09_ex07_epoch002,8,63
s09,s09_ex07,s09_ex07_epoch003,8,63
s09,s09_ex07,s09_ex07_epoch004,8,57
s09,s09_ex07,s09_ex07_epoch005,8,58
s09,s09_ex07,s09_ex07_epoch006,8,61
s09,s09_ex07,s09_ex07_epoch007,8,59
s09,s09_ex07,s09_ex07_epoch008,8,55
s09,s09_ex07,s09_ex07_epoch009,8,53
s09,s09_ex07,s09_ex07_epoch010,8,50
s09,s09_ex07,s09_ex07_epoch011,8,57
s09,s09_ex07,s09_ex07_epoch012,8,54
s09,s09_ex07,s09_ex07_epoch013,8,53
s09,s09_ex07,s09_ex07_epoch014,8,56
s09,s09_ex07,s09_ex07_epoch015,8,51
s09,s09_ex07,s09_ex07_epoch016,8,60
s09,s09_ex07,s09_ex07_epoch017,8,57
s09,s09_ex07,s09_ex07_epoch018,8,59
s09,s09_ex07,s09_ex07_epoch019,8,55
s09,s09_ex07,s09_ex07_epoch020,8,53
s09,s09_ex07,s09_ex07_epoch021,8,55
s09,s09_ex07,s09_ex07_epoch022,8,55
s09,s09_ex07,s09_ex07_epoch023,8,60
s09,s09_ex08,s09_ex08_epoch000,8,63
s09,s09_ex08,s09_ex08_epoch001,8,57
s09,s09_ex08,s09_ex08_epoch002,8,57
s09,s09_ex08,s09_ex08_epoch003,8,51
s09,s09_ex08,s09_ex08_epoch004,8,62
s09,s09_ex08,s09_ex08_epoch005,8,55
s09,s09_ex08,s09_ex08_epoch006,8,59
s09,s09_ex08,s09_ex08_epoch007,8,62
s09,s09_ex08,s09_ex08_epoch008,8,60
s09,s09_ex08,s09_ex08_epoch009,8,51
s09,s09_ex08,s09_ex08_epoch010,8,52
s09,s09_ex08,s09_ex08_epoch011,8,59
s09,s09_ex08,s09_ex08_epoch012,8,60
s09,s09_ex08,s09_ex08_epoch013,8,60
s09,s09_ex08,s09_ex08_epoch014,8,57
s09,s09_ex08,s09_ex08_epoch015,8,60
s09,s09_ex08,s09_ex08_epoch016,8,60
s09,s09_ex08,s09_ex08_epoch017,8,52
s09,s09_ex08,s09_ex08_epoch018,8,54
s09,s09_ex08,s09_ex08_epoch019,8,55
s09,s09_ex08,s09_ex08_epoch020,8,51
s09,s09_ex08,s09_ex08_epoch021,8,56
s09,s09_ex08,s09_ex08_epoch022,8,54
s09,s09_ex08,s09_ex08_epoch023,8,54
s09,s09_ex09,s09_ex09_epoch000,8,65
s09,s09_ex09,s09_ex09_epoch001,8,58
s09,s09_ex09,s09_ex09_epoch002,8,56
s09,s09_ex09,s09_ex09_epoch003,8,57
s09,s09_ex09,s09_ex09_epoch004,8,56
s09,s09_ex09,s09_ex09_epoch005,8,58
s09,s09_ex09,s09_ex09_epoch006,8,59
s09,s09_ex09,s09_ex09_epoch007,8,51
s09,s09_ex09,s09_ex09_epoch008,8,57
s09,s09_ex09,s09_ex09_epoch009,8,56
s09,s09_ex09,s09_ex09_epoch010,8,62
s09,s09_ex09,s09_ex09_epoch011,8,55
s09,s09_ex09,s09_ex09_epoch012,8,56
s09,s09_ex09,s09_ex09_epoch013,8,55
s09,s09_ex09,s09_ex09_epoch014,8,53
s09,s09_ex09,s09_ex09_epoch015,8,52
s09,s09_ex09,s09_ex09_epoch016,8,56
s09,s09_ex09,s09_ex09_epoch017,8,52
s09,s09_ex09,s09_ex09_epoch018,8,59
s09,s09_ex09,s09_ex09_epoch019,8,57
s09,s09_ex09,s09_ex09_epoch020,8,49
s09,s09_ex09,s09_ex09_epoch021,8,53
s09,s09_ex09,s09_ex09_epoch022,8,52
s09,s09_ex09,s09_ex09_epoch023,8,60
s09,s09_ex10,s09_ex10_epoch000,8,68
s09,s09_ex10,s09_ex10_epoch001,8,63
s09,s09_ex10,s09_ex10_epoch002,8,56
s09,s09_ex10,s09_ex10_epoch003,8,61
s09,s09_ex10,s09_ex10_epoch004,8,58
s09,s09_ex10,s09_ex10_epoch005,8,59
s09,s09_ex10,s09_ex10_epoch006,8,58
s09,s09_ex10,s09_ex10_epoch007,8,55
s09,s09_ex10,s09_ex10_epoch008,8,56
s09,s09_ex10,s09_ex10_epoch009,8,58
s09,s09_ex10,s09_ex10_epoch010,8,57
s09,s09_ex10,s09_ex10_epoch011,8,53
s09,s09_ex10,s09_ex10_epoch012,8,56
s09,s09_ex10,s09_ex10_epoch013,8,56
s09,s09_ex10,s09_ex10_epoch014,8,62
s09,s09_ex10,s09_ex10_epoch015,8,53
s09,s09_ex10,s09_ex10_epoch016,8,60
s09,s09_ex10,s09_ex10_epoch017,8,54
s09,s09_ex10,s09_ex10_epoch018,8,53
s09,s09_ex10,s09_ex10_epoch019,8,53
s09,s09_ex10,s09_ex10_epoch020,8,56
s09,s09_ex10,s09_ex10_epoch021,8,54
s09,s09_ex10,s09_ex10_epoch022,8,65
s09,s09_ex10,s09_ex10_epoch023,8,73
s10,s10_ex01_s01,s10_ex01_s01_epoch000,9,53
s10,s10_ex01_s01,s10_ex01_s01_epoch001,9,56
s10,s10_ex01_s01,s10_ex01_s01_epoch002,9,49
s10,s10_ex01_s01,s10_ex01_s01_epoch003,9,46
s10,s10_ex01_s01,s10_ex01_s01_epoch004,9,53
s10,s10_ex01_s01,s10_ex01_s01_epoch005,9,59
s10,s10_ex01_s01,s10_ex01_s01_epoch006,9,54
s10,s10_ex01_s01,s10_ex01_s01_epoch007,9,55
s10,s10_ex01_s01,s10_ex01_s01_epoch008,9,48
s10,s10_ex01_s01,s10_ex01_s01_epoch009,9,51
s10,s10_ex01_s01,s10_ex01_s01_epoch010,9,48
s10,s10_ex01_s01,s10_ex01_s01_epoch011,9,45
s10,s10_ex01_s01,s10_ex01_s01_epoch012,9,52
s10,s10_ex01_s01,s10_ex01_s01_epoch013,9,52
s10,s10_ex01_s01,s10_ex01_s01_epoch014,9,48
s10,s10_ex01_s01,s10_ex01_s01_epoch015,9,42
s10,s10_ex01_s01,s10_ex01_s01_epoch016,9,50
s10,s10_ex01_s01,s10_ex01_s01_epoch017,9,50
s10,s10_ex01_s01,s10_ex01_s01_epoch018,9,45
s10,s10_ex01_s01,s10_ex01_s01_epoch019,9,48
s10,s10_ex01_s01,s10_ex01_s01_epoch020,9,55
s10,s10_ex01_s01,s10_ex01_s01_epoch021,9,50
s10,s10_ex01_s01,s10_ex01_s01_epoch022,9,53
s10,s10_ex01_s01,s10_ex01_s01_epoch023,9,61
s10,s10_ex01_s02,s10_ex01_s02_epoch000,9,61
s10,s10_ex01_s02,s10_ex01_s02_epoch001,9,59
s10,s10_ex01_s02,s10_ex01_s02_epoch002,9,54
s10,s10_ex01_s02,s10_ex01_s02_epoch003,9,59
s10,s10_ex01_s02,s10_ex01_s02_epoch004,9,55
s10,s10_ex01_s02,s10_ex01_s02_epoch005,9,49
s10,s10_ex01_s02,s10_ex01_s02_epoch006,9,58
s10,s10_ex01_s02,s10_ex01_s02_epoch007,9,62
s10,s10_ex01_s02,s10_ex01_s02_epoch008,9,46
s10,s10_ex01_s02,s10_ex01_s02_epoch009,9,47
s10,s10_ex01_s02,s10_ex01_s02_epoch010,9,52
s10,s10_ex01_s02,s10_ex01_s02_epoch011,9,52
s10,s10_ex01_s02,s10_ex01_s02_epoch012,9,56
s10,s10_ex01_s02,s10_ex01_s02_epoch013,9,59
s10,s10_ex01_s02,s10_ex01_s02_epoch014,9,46
s10,s10_ex01_s02,s10_ex01_s02_epoch015,9,50
s10,s10_ex01_s02,s10_ex01_s02_epoch016,9,57
s10,s10_ex01_s02,s10_ex01_s02_epoch017,9,60
s10,s10_ex01_s02,s10_ex01_s02_epoch018,9,60
s10,s10_ex01_s02,s10_ex01_s02_epoch019,9,48
s10,s10_ex01_s02,s10_ex01_s02_epoch020,9,57
s10,s10_ex01_s02,s10_ex01_s02_epoch021,9,52
s10,s10_ex01_s02,s10_ex01_s02_epoch022,9,62
s10,s10_ex01_s02,s10_ex01_s02_epoch023,9,52
s10,s10_ex01_s03,s10_ex01_s03_epoch000,9,64
s10,s10_ex01_s03,s10_ex01_s03_epoch001,9,57
s10,s10_ex01_s03,s10_ex01_s03_epoch002,9,60
s10,s10_ex01_s03,s10_ex01_s03_epoch003,9,60
s10,s10_ex01_s03,s10_ex01_s03_epoch004,9,53
s10,s10_ex01_s03,s10_ex01_s03_epoch005,9,54
s10,s10_ex01_s03,s10_ex01_s03_epoch006,9,54
s10,s10_ex01_s03,s10_ex01_s03_epoch007,9,50
s10,s10_ex01_s03,s10_ex01_s03_epoch008,9,53
s10,s10_ex01_s03,s10_ex01_s03_epoch009,9,53
s10,s10_ex01_s03,s10_ex01_s03_epoch010,9,53
s10,s10_ex01_s03,s10_ex01_s03_epoch011,9,54
s10,s10_ex01_s03,s10_ex01_s03_epoch012,9,51
s10,s10_ex01_s03,s10_ex01_s03_epoch013,9,50
s10,s10_ex01_s03,s10_ex01_s03_epoch014,9,64
s10,s10_ex01_s03,s10_ex01_s03_epoch015,9,53
s10,s10_ex01_s03,s10_ex01_s03_epoch016,9,53
s10,s10_ex01_s03,s10_ex01_s03_epoch017,9,58
s10,s10_ex01_s03,s10_ex01_s03_epoch018,9,53
s10,s10_ex01_s03,s10_ex01_s03_epoch019,9,51
s10,s10_ex01_s03,s10_ex01_s03_epoch020,9,59
s10,s10_ex01_s03,s10_ex01_s03_epoch021,9,52
s10,s10_ex01_s03,s10_ex01_s03_epoch022,9,60
s10,s10_ex01_s03,s10_ex01_s03_epoch023,9,48
s10,s10_ex02_s01,s10_ex02_s01_epoch000,9,54
s10,s10_ex02_s01,s10_ex02_s01_epoch001,9,55
s10,s10_ex02_s01,s10_ex02_s01_epoch002,9,55
s10,s10_ex02_s01,s10_ex02_s01_epoch003,9,58
s10,s10_ex02_s01,s10_ex02_s01_epoch004,9,55
s10,s10_ex02_s01,s10_ex02_s01_epoch005,9,52
s10,s10_ex02_s01,s10_ex02_s01_epoch006,9,52
s10,s10_ex02_s01,s10_ex02_s01_epoch007,9,53
s10,s10_ex02_s01,s10_ex02_s01_epoch008,9,55
s10,s10_ex02_s01,s10_ex02_s01_epoch009,9,59
s10,s10_ex02_s01,s10_ex02_s01_epoch010,9,51
s10,s10_ex02_s01,s10_ex02_s01_epoch011,9,55
s10,s10_ex02_s01,s10_ex02_s01_epoch012,9,55
s10,s10_ex02_s01,s10_ex02_s01_epoch013,9,58
s10,s10_ex02_s01,s10_ex02_s01_epoch014,9,55
s10,s10_ex02_s01,s10_ex02_s01_epoch015,9,57
s10,s10_ex02_s01,s10_ex02_s01_epoch016,9,59
s10,s10_ex02_s01,s10_ex02_s01_epoch017,9,53
s10,s10_ex02_s01,s10_ex02_s01_epoch018,9,55
s10,s10_ex02_s01,s10_ex02_s01_epoch019,9,60
s10,s10_ex02_s01,s10_ex02_s01_epoch020,9,61
s10,s10_ex02_s01,s10_ex02_s01_epoch021,9,51
s10,s10_ex02_s01,s10_ex02_s01_epoch022,9,60
s10,s10_ex02_s01,s10_ex02_s01_epoch023,9,54
s10,s10_ex02_s02,s10_ex02_s02_epoch000,9,63
s10,s10_ex02_s02,s10_ex02_s02_epoch001,9,58
s10,s10_ex02_s02,s10_ex02_s02_epoch002,9,53
s10,s10_ex02_s02,s10_ex02_s02_epoch003,9,59
s10,s10_ex02_s02,s10_ex02_s02_epoch004,9,55
s10,s10_ex02_s02,s10_ex02_s02_epoch005,9,58
s10,s10_ex02_s02,s10_ex02_s02_epoch006,9,53
s10,s10_ex02_s02,s10_ex02_s02_epoch007,9,56
s10,s10_ex02_s02,s10_ex02_s02_epoch008,9,54
s10,s10_ex02_s02,s10_ex02_s02_epoch009,9,57
s10,s10_ex02_s02,s10_ex02_s02_epoch010,9,57
s10,s10_ex02_s02,s10_ex02_s02_epoch011,9,58
s10,s10_ex02_s02,s10_ex02_s02_epoch012,9,54
s10,s10_ex02_s02,s10_ex02_s02_epoch013,9,56
s10,s10_ex02_s02,s10_ex02_s02_epoch014,9,60
s10,s10_ex02_s02,s10_ex02_s02_epoch015,9,57
s10,s10_ex02_s02,s10_ex02_s02_epoch016,9,57
s10,s10_ex02_s02,s10_ex02_s02_epoch017,9,53
s10,s10_ex02_s02,s10_ex02_s02_epoch018,9,57
s10,s10_ex02_s02,s10_ex02_s02_epoch019,9,65
s10,s10_ex02_s02,s10_ex02_s02_epoch020,9,57
s10,s10_ex02_s02,s10_ex02_s02_epoch021,9,52
s10,s10_ex02_s02,s10_ex02_s02_epoch022,9,51
s10,s10_ex02_s02,s10_ex02_s02_epoch023,9,54
s10,s10_ex02_s03,s10_ex02_s03_epoch000,9,60
s10,s10_ex02_s03,s10_ex02_s03_epoch001,9,57
s10,s10_ex02_s03,s10_ex02_s03_epoch002,9,60
s10,s10_ex02_s03,s10_ex02_s03_epoch003,9,59
s10,s10_ex02_s03,s10_ex02_s03_epoch004,9,54
s10,s10_ex02_s03,s10_ex02_s03_epoch005,9,58
s10,s10_ex02_s03,s10_ex02_s03_epoch006,9,64
s10,s10_ex02_s03,s10_ex02_s03_epoch007,9,59
s10,s10_ex02_s03,s10_ex02_s03_epoch008,9,52
s10,s10_ex02_s03,s10_ex02_s03_epoch009,9,59
s10,s10_ex02_s03,s10_ex02_s03_epoch010,9,53
s10,s10_ex02_s03,s10_ex02_s03_epoch011,9,60
s10,s10_ex02_s03,s10_ex02_s03_epoch012,9,60
s10,s10_ex02_s03,s10_ex02_s03_epoch013,9,57
s10,s10_ex02_s03,s10_ex02_s03_epoch014,9,61
s10,s10_ex02_s03,s10_ex02_s03_epoch015,9,61
s10,s10_ex02_s03,s10_ex02_s03_epoch016,9,56
s10,s10_ex02_s03,s10_ex02_s03_epoch017,9,52
s10,s10_ex02_s03,s10_ex02_s03_epoch018,9,56
s10,s10_ex02_s03,s10_ex02_s03_epoch019,9,56
s10,s10_ex02_s03,s10_ex02_s03_epoch020,9,57
s10,s10_ex02_s03,s10_ex02_s03_epoch021,9,59
s10,s10_ex02_s03,s10_ex02_s03_epoch022,9,56
s10,s10_ex02_s03,s10_ex02_s03_epoch023,9,60
s10,s10_ex05,s10_ex05_epoch000,9,62
s10,s10_ex05,s10_ex05_epoch001,9,55
s10,s10_ex05,s10_ex05_epoch002,9,55
s10,s10_ex05,s10_ex05_epoch003,9,61
s10,s10_ex05,s10_ex05_epoch004,9,69
s10,s10_ex05,s10_ex05_epoch005,9,60
s10,s10_ex05,s10_ex05_epoch006,9,57
s10,s10_ex05,s10_ex05_epoch007,9,54
s10,s10_ex05,s10_ex05_epoch008,9,57
s10,s10_ex05,s10_ex05_epoch009,9,52
s10,s10_ex05,s10_ex05_epoch010,9,58
s10,s10_ex05,s10_ex05_epoch011,9,62
s10,s10_ex05,s10_ex05_epoch012,9,54
s10,s10_ex05,s10_ex05_epoch013,9,55
s10,s10_ex05,s10_ex05_epoch014,9,56
s10,s10_ex05,s10_ex05_epoch015,9,55
s10,s10_ex05,s10_ex05_epoch016,9,53
s10,s10_ex05,s10_ex05_epoch017,9,57
s10,s10_ex05,s10_ex05_epoch018,9,60
s10,s10_ex05,s10_ex05_epoch019,9,55
s10,s10_ex05,s10_ex05_epoch020,9,59
s10,s10_ex05,s10_ex05_epoch021,9,60
s10,s10_ex05,s10_ex05_epoch022,9,46
s10,s10_ex05,s10_ex05_epoch023,9,56
s10,s10_ex06,s10_ex06_epoch000,9,61
s10,s10_ex06,s10_ex06_epoch001,9,51
s10,s10_ex06,s10_ex06_epoch002,9,62
s10,s10_ex06,s10_ex06_epoch003,9,50
s10,s10_ex06,s10_ex06_epoch004,9,59
s10,s10_ex06,s10_ex06_epoch005,9,53
s10,s10_ex06,s10_ex06_epoch006,9,57
s10,s10_ex06,s10_ex06_epoch007,9,54
s10,s10_ex06,s10_ex06_epoch008,9,52
s10,s10_ex06,s10_ex06_epoch009,9,54
s10,s10_ex06,s10_ex06_epoch010,9,49
s10,s10_ex06,s10_ex06_epoch011,9,49
s10,s10_ex06,s10_ex06_epoch012,9,57
s10,s10_ex06,s10_ex06_epoch013,9,48
s10,s10_ex06,s10_ex06_epoch014,9,52
s10,s10_ex06,s10_ex06_epoch015,9,53
s10,s10_ex06,s10_ex06_epoch016,9,58
s10,s10_ex06,s10_ex06_epoch017,9,55
s10,s10_ex06,s10_ex06_epoch018,9,54
s10,s10_ex06,s10_ex06_epoch019,9,55
s10,s10_ex06,s10_ex06_epoch020,9,51
s10,s10_ex06,s10_ex06_epoch021,9,49
s10,s10_ex06,s10_ex06_epoch022,9,53
s10,s10_ex06,s10_ex06_epoch023,9,60
s10,s10_ex07,s10_ex07_epoch000,9,46
s10,s10_ex07,s10_ex07_epoch001,9,56
s10,s10_ex07,s10_ex07_epoch002,9,50
s10,s10_ex07,s10_ex07_epoch003,9,49
s10,s10_ex07,s10_ex07_epoch004,9,56
s10,s10_ex07,s10_ex07_epoch005,9,51
s10,s10_ex07,s10_ex07_epoch006,9,53
s10,s10_ex07,s10_ex07_epoch007,9,57
s10,s10_ex07,s10_ex07_epoch008,9,57
s10,s10_ex07,s10_ex07_epoch009,9,51
s10,s10_ex07,s10_ex07_epoch010,9,57
s10,s10_ex07,s10_ex07_epoch011,9,58
s10,s10_ex07,s10_ex07_epoch012,9,54
s10,s10_ex07,s10_ex07_epoch013,9,55
s10,s10_ex07,s10_ex07_epoch014,9,53
s10,s10_ex07,s10_ex07_epoch015,9,58
s10,s10_ex07,s10_ex07_epoch016,9,57
s10,s10_ex07,s10_ex07_epoch017,9,56
s10,s10_ex07,s10_ex07_epoch018,9,49
s10,s10_ex07,s10_ex07_epoch019,9,54
s10,s10_ex07,s10_ex07_epoch020,9,53
s10,s10_ex07,s10_ex07_epoch021,9,51
s10,s10_ex07,s10_ex07_epoch022,9,57
s10,s10_ex07,s10_ex07_epoch023,9,51
s10,s10_ex08,s10_ex08_epoch000,9,52
s10,s10_ex08,s10_ex08_epoch001,9,64
s10,s10_ex08,s10_ex08_epoch002,9,53
s10,s10_ex08,s10_ex08_epoch003,9,55
s10,s10_ex08,s10_ex08_epoch004,9,52
s10,s10_ex08,s10_ex08_epoch005,9,50
s10,s10_ex08,s10_ex08_epoch006,9,52
s10,s10_ex08,s10_ex08_epoch007,9,52
s10,s10_ex08,s10_ex08_epoch008,9,59
s10,s10_ex08,s10_ex08_epoch009,9,56
s10,s10_ex08,s10_ex08_epoch010,9,57
s10,s10_ex08,s10_ex08_epoch011,9,58
s10,s10_ex08,s10_ex08_epoch012,9,57
s10,s10_ex08,s10_ex08_epoch013,9,55
s10,s10_ex08,s10_ex08_epoch014,9,56
s10,s10_ex08,s10_ex08_epoch015,9,49
s10,s10_ex08,s10_ex08_epoch016,9,53
s10,s10_ex08,s10_ex08_epoch017,9,56
s10,s10_ex08,s10_ex08_epoch018,9,53
s10,s10_ex08,s10_ex08_epoch019,9,54
s10,s10_ex08,s10_ex08_epoch020,9,56
s10,s10_ex08,s10_ex08_epoch021,9,50
s10,s10_ex08,s10_ex08_epoch022,9,51
s10,s10_ex08,s10_ex08_epoch023,9,54
s10,s10_ex09,s10_ex09_epoch000,9,57
s10,s10_ex09,s10_ex09_epoch001,9,55
s10,s10_ex09,s10_ex09_epoch002,9,54
s10,s10_ex09,s10_ex09_epoch003,9,56
s10,s10_ex09,s10_ex09_epoch004,9,53
s10,s10_ex09,s10_ex09_epoch005,9,51
s10,s10_ex09,s10_ex09_epoch006,9,60
s10,s10_ex09,s10_ex09_epoch007,9,51
s10,s10_ex09,s10_ex09_epoch008,9,55
s10,s10_ex09,s10_ex09_epoch009,9,59
s10,s10_ex09,s10_ex09_epoch010,9,57
s10,s10_ex09,s10_ex09_epoch011,9,57
s10,s10_ex09,s10_ex09_epoch012,9,50
s10,s10_ex09,s10_ex09_epoch013,9,54
s10,s10_ex09,s10_ex09_epoch014,9,53
s10,s10_ex09,s10_ex09_epoch015,9,61
s10,s10_ex09,s10_ex09_epoch016,9,48
s10,s10_ex09,s10_ex09_epoch017,9,53
s10,s10_ex09,s10_ex09_epoch018,9,53
s10,s10_ex09,s10_ex09_epoch019,9,55
s10,s10_ex09,s10_ex09_epoch020,9,53
s10,s10_ex09,s10_ex09_epoch021,9,52
s10,s10_ex09,s10_ex09_epoch022,9,56
s10,s10_ex09,s10_ex09_epoch023,9,56
s10,s10_ex10,s10_ex10_epoch000,9,50
s10,s10_ex10,s10_ex10_epoch001,9,55
s10,s10_ex10,s10_ex10_epoch002,9,55
s10,s10_ex10,s10_ex10_epoch003,9,50
s10,s10_ex10,s10_ex10_epoch004,9,55
s10,s10_ex10,s10_ex10_epoch005,9,52
s10,s10_ex10,s10_ex10_epoch006,9,56
s10,s10_ex10,s10_ex10_epoch007,9,56
s10,s10_ex10,s10_ex10_epoch008,9,59
s10,s10_ex10,s10_ex10_epoch009,9,59
s10,s10_ex10,s10_ex10_epoch010,9,57
s10,s10_ex10,s10_ex10_epoch011,9,56
s10,s10_ex10,s10_ex10_epoch012,9,53
s10,s10_ex10,s10_ex10_epoch013,9,60
s10,s10_ex10,s10_ex10_epoch014,9,55
s10,s10_ex10,s10_ex10_epoch015,9,54
s10,s10_ex10,s10_ex10_epoch016,9,57
s10,s10_ex10,s10_ex10_epoch017,9,60
s10,s10_ex10,s10_ex10_epoch018,9,56
s10,s10_ex10,s10_ex10_epoch019,9,56
s10,s10_ex10,s10_ex10_epoch020,9,58
s10,s10_ex10,s10_ex10_epoch021,9,53
s10,s10_ex10,s10_ex10_epoch022,9,54
s10,s10_ex10,s10_ex10_epoch023,9,53
s11,s11_ex01_s01,s11_ex01_s01_epoch000,10,63
s11,s11_ex01_s01,s11_ex01_s01_epoch001,10,63
s11,s11_ex01_s01,s11_ex01_s01_epoch002,10,65
s11,s11_ex01_s01,s11_ex01_s01_epoch003,10,63
s11,s11_ex01_s01,s11_ex01_s01_epoch004,10,70
s11,s11_ex01_s01,s11_ex01_s01_epoch005,10,69
s11,s11_ex01_s01,s11_ex01_s01_epoch006,10,66
s11,s11_ex01_s01,s11_ex01_s01_epoch007,10,71
s11,s11_ex01_s01,s11_ex01_s01_epoch008,10,64
s11,s11_ex01_s01,s11_ex01_s01_epoch009,10,63
s11,s11_ex01_s01,s11_ex01_s01_epoch010,10,72
s11,s11_ex01_s01,s11_ex01_s01_epoch011,10,65
s11,s11_ex01_s01,s11_ex01_s01_epoch012,10,60
s11,s11_ex01_s01,s11_ex01_s01_epoch013,10,68
s11,s11_ex01_s01,s11_ex01_s01_epoch014,10,71
s11,s11_ex01_s01,s11_ex01_s01_epoch015,10,67
s11,s11_ex01_s01,s11_ex01_s01_epoch016,10,52
s11,s11_ex01_s01,s11_ex01_s01_epoch017,10,57
s11,s11_ex01_s01,s11_ex01_s01_epoch018,10,57
s11,s11_ex01_s01,s11_ex01_s01_epoch019,10,58
s11,s11_ex01_s01,s11_ex01_s01_epoch020,10,66
s11,s11_ex01_s01,s11_ex01_s01_epoch021,10,57
s11,s11_ex01_s01,s11_ex01_s01_epoch022,10,62
s11,s11_ex01_s01,s11_ex01_s01_epoch023,10,70
s11,s11_ex01_s02,s11_ex01_s02_epoch000,10,56
s11,s11_ex01_s02,s11_ex01_s02_epoch001,10,62
s11,s11_ex01_s02,s11_ex01_s02_epoch002,10,56
s11,s11_ex01_s02,s11_ex01_s02_epoch003,10,62
s11,s11_ex01_s02,s11_ex01_s02_epoch004,10,57
s11,s11_ex01_s02,s11_ex01_s02_epoch005,10,56
s11,s11_ex01_s02,s11_ex01_s02_epoch006,10,50
s11,s11_ex01_s02,s11_ex01_s02_epoch007,10,56
s11,s11_ex01_s02,s11_ex01_s02_epoch008,10,43
s11,s11_ex01_s02,s11_ex01_s02_epoch009,10,56
s11,s11_ex01_s02,s11_ex01_s02_epoch010,10,67
s11,s11_ex01_s02,s11_ex01_s02_epoch011,10,59
s11,s11_ex01_s02,s11_ex01_s02_epoch012,10,54
s11,s11_ex01_s02,s11_ex01_s02_epoch013,10,69
s11,s11_ex01_s02,s11_ex01_s02_epoch014,10,56
s11,s11_ex01_s02,s11_ex01_s02_epoch015,10,66
s11,s11_ex01_s02,s11_ex01_s02_epoch016,10,58
s11,s11_ex01_s02,s11_ex01_s02_epoch017,10,60
s11,s11_ex01_s02,s11_ex01_s02_epoch018,10,62
s11,s11_ex01_s02,s11_ex01_s02_epoch019,10,76
s11,s11_ex01_s02,s11_ex01_s02_epoch020,10,66
s11,s11_ex01_s02,s11_ex01_s02_epoch021,10,59
s11,s11_ex01_s02,s11_ex01_s02_epoch022,10,68
s11,s11_ex01_s02,s11_ex01_s02_epoch023,10,60
s11,s11_ex01_s03,s11_ex01_s03_epoch000,10,61
s11,s11_ex01_s03,s11_ex01_s03_epoch001,10,47
s11,s11_ex01_s03,s11_ex01_s03_epoch002,10,49
s11,s11_ex01_s03,s11_ex01_s03_epoch003,10,67
s11,s11_ex01_s03,s11_ex01_s03_epoch004,10,59
s11,s11_ex01_s03,s11_ex01_s03_epoch005,10,63
s11,s11_ex01_s03,s11_ex01_s03_epoch006,10,57
s11,s11_ex01_s03,s11_ex01_s03_epoch007,10,55
s11,s11_ex01_s03,s11_ex01_s03_epoch008,10,53
s11,s11_ex01_s03,s11_ex01_s03_epoch009,10,60
s11,s11_ex01_s03,s11_ex01_s03_epoch010,10,50
s11,s11_ex01_s03,s11_ex01_s03_epoch011,10,51
s11,s11_ex01_s03,s11_ex01_s03_epoch012,10,66
s11,s11_ex01_s03,s11_ex01_s03_epoch013,10,54
s11,s11_ex01_s03,s11_ex01_s03_epoch014,10,51
s11,s11_ex01_s03,s11_ex01_s03_epoch015,10,60
s11,s11_ex01_s03,s11_ex01_s03_epoch016,10,67
s11,s11_ex01_s03,s11_ex01_s03_epoch017,10,56
s11,s11_ex01_s03,s11_ex01_s03_epoch018,10,55
s11,s11_ex01_s03,s11_ex01_s03_epoch019,10,54
s11,s11_ex01_s03,s11_ex01_s03_epoch020,10,60
s11,s11_ex01_s03,s11_ex01_s03_epoch021,10,67
s11,s11_ex01_s03,s11_ex01_s03_epoch022,10,53
s11,s11_ex01_s03,s11_ex01_s03_epoch023,10,58
s11,s11_ex02_s01,s11_ex02_s01_epoch000,10,68
s11,s11_ex02_s01,s11_ex02_s01_epoch001,10,69
s11,s11_ex02_s01,s11_ex02_s01_epoch002,10,64
s11,s11_ex02_s01,s11_ex02_s01_epoch003,10,57
s11,s11_ex02_s01,s11_ex02_s01_epoch004,10,75
s11,s11_ex02_s01,s11_ex02_s01_epoch005,10,58
s11,s11_ex02_s01,s11_ex02_s01_epoch006,10,60
s11,s11_ex02_s01,s11_ex02_s01_epoch007,10,61
s11,s11_ex02_s01,s11_ex02_s01_epoch008,10,66
s11,s11_ex02_s01,s11_ex02_s01_epoch009,10,72
s11,s11_ex02_s01,s11_ex02_s01_epoch010,10,66
s11,s11_ex02_s01,s11_ex02_s01_epoch011,10,60
s11,s11_ex02_s01,s11_ex02_s01_epoch012,10,55
s11,s11_ex02_s01,s11_ex02_s01_epoch013,10,67
s11,s11_ex02_s01,s11_ex02_s01_epoch014,10,71
s11,s11_ex02_s01,s11_ex02_s01_epoch015,10,66
s11,s11_ex02_s01,s11_ex02_s01_epoch016,10,74
s11,s11_ex02_s01,s11_ex02_s01_epoch017,10,65
s11,s11_ex02_s01,s11_ex02_s01_epoch018,10,64
s11,s11_ex02_s01,s11_ex02_s01_epoch019,10,53
s11,s11_ex02_s01,s11_ex02_s01_epoch020,10,55
s11,s11_ex02_s01,s11_ex02_s01_epoch021,10,75
s11,s11_ex02_s01,s11_ex02_s01_epoch022,10,61
s11,s11_ex02_s01,s11_ex02_s01_epoch023,10,62
s11,s11_ex02_s02,s11_ex02_s02_epoch000,10,65
s11,s11_ex02_s02,s11_ex02_s02_epoch001,10,68
s11,s11_ex02_s02,s11_ex02_s02_epoch002,10,71
s11,s11_ex02_s02,s11_ex02_s02_epoch003,10,68
s11,s11_ex02_s02,s11_ex02_s02_epoch004,10,69
s11,s11_ex02_s02,s11_ex02_s02_epoch005,10,67
s11,s11_ex02_s02,s11_ex02_s02_epoch006,10,66
s11,s11_ex02_s02,s11_ex02_s02_epoch007,10,67
s11,s11_ex02_s02,s11_ex02_s02_epoch008,10,67
s11,s11_ex02_s02,s11_ex02_s02_epoch009,10,64
s11,s11_ex02_s02,s11_ex02_s02_epoch010,10,62
s11,s11_ex02_s02,s11_ex02_s02_epoch011,10,61
s11,s11_ex02_s02,s11_ex02_s02_epoch012,10,63
s11,s11_ex02_s02,s11_ex02_s02_epoch013,10,57
s11,s11_ex02_s02,s11_ex02_s02_epoch014,10,67
s11,s11_ex02_s02,s11_ex02_s02_epoch015,10,69
s11,s11_ex02_s02,s11_ex02_s02_epoch016,10,72
s11,s11_ex02_s02,s11_ex02_s02_epoch017,10,67
s11,s11_ex02_s02,s11_ex02_s02_epoch018,10,68
s11,s11_ex02_s02,s11_ex02_s02_epoch019,10,71
s11,s11_ex02_s02,s11_ex02_s02_epoch020,10,71
s11,s11_ex02_s02,s11_ex02_s02_epoch021,10,70
s11,s11_ex02_s02,s11_ex02_s02_epoch022,10,62
s11,s11_ex02_s02,s11_ex02_s02_epoch023,10,49
s11,s11_ex02_s03,s11_ex02_s03_epoch000,10,68
s11,s11_ex02_s03,s11_ex02_s03_epoch001,10,64
s11,s11_ex02_s03,s11_ex02_s03_epoch002,10,62
s11,s11_ex02_s03,s11_ex02_s03_epoch003,10,75
s11,s11_ex02_s03,s11_ex02_s03_epoch004,10,71
s11,s11_ex02_s03,s11_ex02_s03_epoch005,10,70
s11,s11_ex02_s03,s11_ex02_s03_epoch006,10,69
s11,s11_ex02_s03,s11_ex02_s03_epoch007,10,64
s11,s11_ex02_s03,s11_ex02_s03_epoch008,10,69
s11,s11_ex02_s03,s11_ex02_s03_epoch009,10,60
s11,s11_ex02_s03,s11_ex02_s03_epoch010,10,66
s11,s11_ex02_s03,s11_ex02_s03_epoch011,10,64
s11,s11_ex02_s03,s11_ex02_s03_epoch012,10,66
s11,s11_ex02_s03,s11_ex02_s03_epoch013,10,58
s11,s11_ex02_s03,s11_ex02_s03_epoch014,10,66
s11,s11_ex02_s03,s11_ex02_s03_epoch015,10,61
s11,s11_ex02_s03,s11_ex02_s03_epoch016,10,59
s11,s11_ex02_s03,s11_ex02_s03_epoch017,10,73
s11,s11_ex02_s03,s11_ex02_s03_epoch018,10,54
s11,s11_ex02_s03,s11_ex02_s03_epoch019,10,57
s11,s11_ex02_s03,s11_ex02_s03_epoch020,10,57
s11,s11_ex02_s03,s11_ex02_s03_epoch021,10,75
s11,s11_ex02_s03,s11_ex02_s03_epoch022,10,54
s11,s11_ex02_s03,s11_ex02_s03_epoch023,10,74
s11,s11_ex05,s11_ex05_epoch000,10,73
s11,s11_ex05,s11_ex05_epoch001,10,60
s11,s11_ex05,s11_ex05_epoch002,10,68
s11,s11_ex05,s11_ex05_epoch003,10,69
s11,s11_ex05,s11_ex05_epoch004,10,68
s11,s11_ex05,s11_ex05_epoch005,10,66
s11,s11_ex05,s11_ex05_epoch006,10,70
s11,s11_ex05,s11_ex05_epoch007,10,71
s11,s11_ex05,s11_ex05_epoch008,10,66
s11,s11_ex05,s11_ex05_epoch009,10,73
s11,s11_ex05,s11_ex05_epoch010,10,73
s11,s11_ex05,s11_ex05_epoch011,10,66
s11,s11_ex05,s11_ex05_epoch012,10,65
s11,s11_ex05,s11_ex05_epoch013,10,66
s11,s11_ex05,s11_ex05_epoch014,10,69
s11,s11_ex05,s11_ex05_epoch015,10,64
s11,s11_ex05,s11_ex05_epoch016,10,69
s11,s11_ex05,s11_ex05_epoch017,10,68
s11,s11_ex05,s11_ex05_epoch018,10,72
s11,s11_ex05,s11_ex05_epoch019,10,71
s11,s11_ex05,s11_ex05_epoch020,10,59
s11,s11_ex05,s11_ex05_epoch021,10,68
s11,s11_ex05,s11_ex05_epoch022,10,67
s11,s11_ex05,s11_ex05_epoch023,10,72
s11,s11_ex06,s11_ex06_epoch000,10,69
s11,s11_ex06,s11_ex06_epoch001,10,72
s11,s11_ex06,s11_ex06_epoch002,10,72
s11,s11_ex06,s11_ex06_epoch003,10,78
s11,s11_ex06,s11_ex06_epoch004,10,60
s11,s11_ex06,s11_ex06_epoch005,10,67
s11,s11_ex06,s11_ex06_epoch006,10,63
s11,s11_ex06,s11_ex06_epoch007,10,71
s11,s11_ex06,s11_ex06_epoch008,10,71
s11,s11_ex06,s11_ex06_epoch009,10,67
s11,s11_ex06,s11_ex06_epoch010,10,68
s11,s11_ex06,s11_ex06_epoch011,10,64
s11,s11_ex06,s11_ex06_epoch012,10,63
s11,s11_ex06,s11_ex06_epoch013,10,61
s11,s11_ex06,s11_ex06_epoch014,10,68
s11,s11_ex06,s11_ex06_epoch015,10,69
s11,s11_ex06,s11_ex06_epoch016,10,70
s11,s11_ex06,s11_ex06_epoch017,10,68
s11,s11_ex06,s11_ex06_epoch018,10,59
s11,s11_ex06,s11_ex06_epoch019,10,62
s11,s11_ex06,s11_ex06_epoch020,10,66
s11,s11_ex06,s11_ex06_epoch021,10,67
s11,s11_ex06,s11_ex06_epoch022,10,64
s11,s11_ex06,s11_ex06_epoch023,10,62
s11,s11_ex07,s11_ex07_epoch000,10,68
s11,s11_ex07,s11_ex07_epoch001,10,68
s11,s11_ex07,s11_ex07_epoch002,10,58
s11,s11_ex07,s11_ex07_epoch003,10,72
s11,s11_ex07,s11_ex07_epoch004,10,73
s11,s11_ex07,s11_ex07_epoch005,10,73
s11,s11_ex07,s11_ex07_epoch006,10,65
s11,s11_ex07,s11_ex07_epoch007,10,65
s11,s11_ex07,s11_ex07_epoch008,10,68
s11,s11_ex07,s11_ex07_epoch009,10,70
s11,s11_ex07,s11_ex07_epoch010,10,68
s11,s11_ex07,s11_ex07_epoch011,10,70
s11,s11_ex07,s11_ex07_epoch012,10,63
s11,s11_ex07,s11_ex07_epoch013,10,69
s11,s11_ex07,s11_ex07_epoch014,10,64
s11,s11_ex07,s11_ex07_epoch015,10,63
s11,s11_ex07,s11_ex07_epoch016,10,63
s11,s11_ex07,s11_ex07_epoch017,10,65
s11,s11_ex07,s11_ex07_epoch018,10,65
s11,s11_ex07,s11_ex07_epoch019,10,65
s11,s11_ex07,s11_ex07_epoch020,10,70
s11,s11_ex07,s11_ex07_epoch021,10,68
s11,s11_ex07,s11_ex07_epoch022,10,63
s11,s11_ex07,s11_ex07_epoch023,10,67
s11,s11_ex08,s11_ex08_epoch000,10,67
s11,s11_ex08,s11_ex08_epoch001,10,59
s11,s11_ex08,s11_ex08_epoch002,10,76
s11,s11_ex08,s11_ex08_epoch003,10,59
s11,s11_ex08,s11_ex08_epoch004,10,60
s11,s11_ex08,s11_ex08_epoch005,10,58
s11,s11_ex08,s11_ex08_epoch006,10,51
s11,s11_ex08,s11_ex08_epoch007,10,66
s11,s11_ex08,s11_ex08_epoch008,10,68
s11,s11_ex08,s11_ex08_epoch009,10,62
s11,s11_ex08,s11_ex08_epoch010,10,59
s11,s11_ex08,s11_ex08_epoch011,10,67
s11,s11_ex08,s11_ex08_epoch012,10,66
s11,s11_ex08,s11_ex08_epoch013,10,64
s11,s11_ex08,s11_ex08_epoch014,10,64
s11,s11_ex08,s11_ex08_epoch015,10,55
s11,s11_ex08,s11_ex08_epoch016,10,68
s11,s11_ex08,s11_ex08_epoch017,10,68
s11,s11_ex08,s11_ex08_epoch018,10,62
s11,s11_ex08,s11_ex08_epoch019,10,61
s11,s11_ex08,s11_ex08_epoch020,10,64
s11,s11_ex08,s11_ex08_epoch021,10,68
s11,s11_ex08,s11_ex08_epoch022,10,63
s11,s11_ex08,s11_ex08_epoch023,10,59
s11,s11_ex09,s11_ex09_epoch000,10,62
s11,s11_ex09,s11_ex09_epoch001,10,60
s11,s11_ex09,s11_ex09_epoch002,10,57
s11,s11_ex09,s11_ex09_epoch003,10,64
s11,s11_ex09,s11_ex09_epoch004,10,55
s11,s11_ex09,s11_ex09_epoch005,10,48
s11,s11_ex09,s11_ex09_epoch006,10,67
s11,s11_ex09,s11_ex09_epoch007,10,69
s11,s11_ex09,s11_ex09_epoch008,10,67
s11,s11_ex09,s11_ex09_epoch009,10,67
s11,s11_ex09,s11_ex09_epoch010,10,71
s11,s11_ex09,s11_ex09_epoch011,10,65
s11,s11_ex09,s11_ex09_epoch012,10,65
s11,s11_ex09,s11_ex09_epoch013,10,65
s11,s11_ex09,s11_ex09_epoch014,10,68
s11,s11_ex09,s11_ex09_epoch015,10,69
s11,s11_ex09,s11_ex09_epoch016,10,60
s11,s11_ex09,s11_ex09_epoch017,10,63
s11,s11_ex09,s11_ex09_epoch018,10,65
s11,s11_ex09,s11_ex09_epoch019,10,63
s11,s11_ex09,s11_ex09_epoch020,10,74
s11,s11_ex09,s11_ex09_epoch021,10,68
s11,s11_ex09,s11_ex09_epoch022,10,62
s11,s11_ex09,s11_ex09_epoch023,10,63
s11,s11_ex10,s11_ex10_epoch000,10,63
s11,s11_ex10,s11_ex10_epoch001,10,66
s11,s11_ex10,s11_ex10_epoch002,10,63
s11,s11_ex10,s11_ex10_epoch003,10,66
s11,s11_ex10,s11_ex10_epoch004,10,63
s11,s11_ex10,s11_ex10_epoch005,10,66
s11,s11_ex10,s11_ex10_epoch006,10,66
s11,s11_ex10,s11_ex10_epoch007,10,69
s11,s11_ex10,s11_ex10_epoch008,10,64
s11,s11_ex10,s11_ex10_epoch009,10,66
s11,s11_ex10,s11_ex10_epoch010,10,63
s11,s11_ex10,s11_ex10_epoch011,10,68
s11,s11_ex10,s11_ex10_epoch012,10,59
s11,s11_ex10,s11_ex10_epoch013,10,66
s11,s11_ex10,s11_ex10_epoch014,10,68
s11,s11_ex10,s11_ex10_epoch015,10,67
s11,s11_ex10,s11_ex10_epoch016,10,70
s11,s11_ex10,s11_ex10_epoch017,10,61
s11,s11_ex10,s11_ex10_epoch018,10,72
s11,s11_ex10,s11_ex10_epoch019,10,56
s11,s11_ex10,s11_ex10_epoch020,10,66
s11,s11_ex10,s11_ex10_epoch021,10,65
s11,s11_ex10,s11_ex10_epoch022,10,66
s11,s11_ex10,s11_ex10_epoch023,10,64
s12,s12_ex01_s01,s12_ex01_s01_epoch000,11,85
s12,s12_ex01_s01,s12_ex01_s01_epoch001,11,67
s12,s12_ex01_s01,s12_ex01_s01_epoch002,11,57
s12,s12_ex01_s01,s12_ex01_s01_epoch003,11,58
s12,s12_ex01_s01,s12_ex01_s01_epoch004,11,63
s12,s12_ex01_s01,s12_ex01_s01_epoch005,11,66
s12,s12_ex01_s01,s12_ex01_s01_epoch006,11,93
s12,s12_ex01_s01,s12_ex01_s01_epoch007,11,61
s12,s12_ex01_s01,s12_ex01_s01_epoch008,11,65
s12,s12_ex01_s01,s12_ex01_s01_epoch009,11,63
s12,s12_ex01_s01,s12_ex01_s01_epoch010,11,64
s12,s12_ex01_s01,s12_ex01_s01_epoch011,11,60
s12,s12_ex01_s01,s12_ex01_s01_epoch012,11,56
s12,s12_ex01_s01,s12_ex01_s01_epoch013,11,65
s12,s12_ex01_s01,s12_ex01_s01_epoch014,11,63
s12,s12_ex01_s01,s12_ex01_s01_epoch015,11,66
s12,s12_ex01_s01,s12_ex01_s01_epoch016,11,55
s12,s12_ex01_s01,s12_ex01_s01_epoch017,11,58
s12,s12_ex01_s01,s12_ex01_s01_epoch018,11,62
s12,s12_ex01_s01,s12_ex01_s01_epoch019,11,67
s12,s12_ex01_s01,s12_ex01_s01_epoch020,11,62
s12,s12_ex01_s01,s12_ex01_s01_epoch021,11,61
s12,s12_ex01_s01,s12_ex01_s01_epoch022,11,56
s12,s12_ex01_s01,s12_ex01_s01_epoch023,11,71
s12,s12_ex01_s02,s12_ex01_s02_epoch000,11,67
s12,s12_ex01_s02,s12_ex01_s02_epoch001,11,70
s12,s12_ex01_s02,s12_ex01_s02_epoch002,11,59
s12,s12_ex01_s02,s12_ex01_s02_epoch003,11,60
s12,s12_ex01_s02,s12_ex01_s02_epoch004,11,64
s12,s12_ex01_s02,s12_ex01_s02_epoch005,11,63
s12,s12_ex01_s02,s12_ex01_s02_epoch006,11,66
s12,s12_ex01_s02,s12_ex01_s02_epoch007,11,60
s12,s12_ex01_s02,s12_ex01_s02_epoch008,11,63
s12,s12_ex01_s02,s12_ex01_s02_epoch009,11,60
s12,s12_ex01_s02,s12_ex01_s02_epoch010,11,52
s12,s12_ex01_s02,s12_ex01_s02_epoch011,11,56
s12,s12_ex01_s02,s12_ex01_s02_epoch012,11,65
s12,s12_ex01_s02,s12_ex01_s02_epoch013,11,62
s12,s12_ex01_s02,s12_ex01_s02_epoch014,11,66
s12,s12_ex01_s02,s12_ex01_s02_epoch015,11,63
s12,s12_ex01_s02,s12_ex01_s02_epoch016,11,66
s12,s12_ex01_s02,s12_ex01_s02_epoch017,11,63
s12,s12_ex01_s02,s12_ex01_s02_epoch018,11,64
s12,s12_ex01_s02,s12_ex01_s02_epoch019,11,57
s12,s12_ex01_s02,s12_ex01_s02_epoch020,11,65
s12,s12_ex01_s02,s12_ex01_s02_epoch021,11,69
s12,s12_ex01_s02,s12_ex01_s02_epoch022,11,61
s12,s12_ex01_s02,s12_ex01_s02_epoch023,11,87
s12,s12_ex01_s03,s12_ex01_s03_epoch000,11,80
s12,s12_ex01_s03,s12_ex01_s03_epoch001,11,64
s12,s12_ex01_s03,s12_ex01_s03_epoch002,11,64
s12,s12_ex01_s03,s12_ex01_s03_epoch003,11,59
s12,s12_ex01_s03,s12_ex01_s03_epoch004,11,67
s12,s12_ex01_s03,s12_ex01_s03_epoch005,11,67
s12,s12_ex01_s03,s12_ex01_s03_epoch006,11,61
s12,s12_ex01_s03,s12_ex01_s03_epoch007,11,65
s12,s12_ex01_s03,s12_ex01_s03_epoch008,11,57
s12,s12_ex01_s03,s12_ex01_s03_epoch009,11,65
s12,s12_ex01_s03,s12_ex01_s03_epoch010,11,55
s12,s12_ex01_s03,s12_ex01_s03_epoch011,11,67
s12,s12_ex01_s03,s12_ex01_s03_epoch012,11,66
s12,s12_ex01_s03,s12_ex01_s03_epoch013,11,63
s12,s12_ex01_s03,s12_ex01_s03_epoch014,11,62
s12,s12_ex01_s03,s12_ex01_s03_epoch015,11,62
s12,s12_ex01_s03,s12_ex01_s03_epoch016,11,61
s12,s12_ex01_s03,s12_ex01_s03_epoch017,11,59
s12,s12_ex01_s03,s12_ex01_s03_epoch018,11,62
s12,s12_ex01_s03,s12_ex01_s03_epoch019,11,64
s12,s12_ex01_s03,s12_ex01_s03_epoch020,11,70
s12,s12_ex01_s03,s12_ex01_s03_epoch021,11,63
s12,s12_ex01_s03,s12_ex01_s03_epoch022,11,66
s12,s12_ex01_s03,s12_ex01_s03_epoch023,11,77
s12,s12_ex02_s01,s12_ex02_s01_epoch000,11,82
s12,s12_ex02_s01,s12_ex02_s01_epoch001,11,66
s12,s12_ex02_s01,s12_ex02_s01_epoch002,11,65
s12,s12_ex02_s01,s12_ex02_s01_epoch003,11,64
s12,s12_ex02_s01,s12_ex02_s01_epoch004,11,60
s12,s12_ex02_s01,s12_ex02_s01_epoch005,11,63
s12,s12_ex02_s01,s12_ex02_s01_epoch006,11,62
s12,s12_ex02_s01,s12_ex02_s01_epoch007,11,68
s12,s12_ex02_s01,s12_ex02_s01_epoch008,11,67
s12,s12_ex02_s01,s12_ex02_s01_epoch009,11,65
s12,s12_ex02_s01,s12_ex02_s01_epoch010,11,61
s12,s12_ex02_s01,s12_ex02_s01_epoch011,11,67
s12,s12_ex02_s01,s12_ex02_s01_epoch012,11,61
s12,s12_ex02_s01,s12_ex02_s01_epoch013,11,66
s12,s12_ex02_s01,s12_ex02_s01_epoch014,11,69
s12,s12_ex02_s01,s12_ex02_s01_epoch015,11,63
s12,s12_ex02_s01,s12_ex02_s01_epoch016,11,66
s12,s12_ex02_s01,s12_ex02_s01_epoch017,11,71
s12,s12_ex02_s01,s12_ex02_s01_epoch018,11,70
s12,s12_ex02_s01,s12_ex02_s01_epoch019,11,61
s12,s12_ex02_s01,s12_ex02_s01_epoch020,11,68
s12,s12_ex02_s01,s12_ex02_s01_epoch021,11,68
s12,s12_ex02_s01,s12_ex02_s01_epoch022,11,65
s12,s12_ex02_s01,s12_ex02_s01_epoch023,11,86
s12,s12_ex02_s02,s12_ex02_s02_epoch000,11,65
s12,s12_ex02_s02,s12_ex02_s02_epoch001,11,65
s12,s12_ex02_s02,s12_ex02_s02_epoch002,11,60
s12,s12_ex02_s02,s12_ex02_s02_epoch003,11,65
s12,s12_ex02_s02,s12_ex02_s02_epoch004,11,60
s12,s12_ex02_s02,s12_ex02_s02_epoch005,11,57
s12,s12_ex02_s02,s12_ex02_s02_epoch006,11,66
s12,s12_ex02_s02,s12_ex02_s02_epoch007,11,66
s12,s12_ex02_s02,s12_ex02_s02_epoch008,11,65
s12,s12_ex02_s02,s12_ex02_s02_epoch009,11,68
s12,s12_ex02_s02,s12_ex02_s02_epoch010,11,70
s12,s12_ex02_s02,s12_ex02_s02_epoch011,11,65
s12,s12_ex02_s02,s12_ex02_s02_epoch012,11,67
s12,s12_ex02_s02,s12_ex02_s02_epoch013,11,62
s12,s12_ex02_s02,s12_ex02_s02_epoch014,11,63
s12,s12_ex02_s02,s12_ex02_s02_epoch015,11,68
s12,s12_ex02_s02,s12_ex02_s02_epoch016,11,69
s12,s12_ex02_s02,s12_ex02_s02_epoch017,11,67
s12,s12_ex02_s02,s12_ex02_s02_epoch018,11,63
s12,s12_ex02_s02,s12_ex02_s02_epoch019,11,61
s12,s12_ex02_s02,s12_ex02_s02_epoch020,11,62
s12,s12_ex02_s02,s12_ex02_s02_epoch021,11,64
s12,s12_ex02_s02,s12_ex02_s02_epoch022,11,66
s12,s12_ex02_s02,s12_ex02_s02_epoch023,11,85
s12,s12_ex02_s03,s12_ex02_s03_epoch000,11,76
s12,s12_ex02_s03,s12_ex02_s03_epoch001,11,71
s12,s12_ex02_s03,s12_ex02_s03_epoch002,11,64
s12,s12_ex02_s03,s12_ex02_s03_epoch003,11,67
s12,s12_ex02_s03,s12_ex02_s03_epoch004,11,61
s12,s12_ex02_s03,s12_ex02_s03_epoch005,11,64
s12,s12_ex02_s03,s12_ex02_s03_epoch006,11,70
s12,s12_ex02_s03,s12_ex02_s03_epoch007,11,70
s12,s12_ex02_s03,s12_ex02_s03_epoch008,11,72
s12,s12_ex02_s03,s12_ex02_s03_epoch009,11,69
s12,s12_ex02_s03,s12_ex02_s03_epoch010,11,69
s12,s12_ex02_s03,s12_ex02_s03_epoch011,11,68
s12,s12_ex02_s03,s12_ex02_s03_epoch012,11,69
s12,s12_ex02_s03,s12_ex02_s03_epoch013,11,62
s12,s12_ex02_s03,s12_ex02_s03_epoch014,11,74
s12,s12_ex02_s03,s12_ex02_s03_epoch015,11,59
s12,s12_ex02_s03,s12_ex02_s03_epoch016,11,67
s12,s12_ex02_s03,s12_ex02_s03_epoch017,11,66
s12,s12_ex02_s03,s12_ex02_s03_epoch018,11,60
s12,s12_ex02_s03,s12_ex02_s03_epoch019,11,64
s12,s12_ex02_s03,s12_ex02_s03_epoch020,11,67
s12,s12_ex02_s03,s12_ex02_s03_epoch021,11,58
s12,s12_ex02_s03,s12_ex02_s03_epoch022,11,68
s12,s12_ex02_s03,s12_ex02_s03_epoch023,11,80
s12,s12_ex05,s12_ex05_epoch000,11,77
s12,s12_ex05,s12_ex05_epoch001,11,64
s12,s12_ex05,s12_ex05_epoch002,11,64
s12,s12_ex05,s12_ex05_epoch003,11,58
s12,s12_ex05,s12_ex05_epoch004,11,63
s12,s12_ex05,s12_ex05_epoch005,11,61
s12,s12_ex05,s12_ex05_epoch006,11,57
s12,s12_ex05,s12_ex05_epoch007,11,64
s12,s12_ex05,s12_ex05_epoch008,11,61
s12,s12_ex05,s12_ex05_epoch009,11,59
s12,s12_ex05,s12_ex05_epoch010,11,57
s12,s12_ex05,s12_ex05_epoch011,11,68
s12,s12_ex05,s12_ex05_epoch012,11,57
s12,s12_ex05,s12_ex05_epoch013,11,69
s12,s12_ex05,s12_ex05_epoch014,11,63
s12,s12_ex05,s12_ex05_epoch015,11,67
s12,s12_ex05,s12_ex05_epoch016,11,65
s12,s12_ex05,s12_ex05_epoch017,11,61
s12,s12_ex05,s12_ex05_epoch018,11,56
s12,s12_ex05,s12_ex05_epoch019,11,61
s12,s12_ex05,s12_ex05_epoch020,11,62
s12,s12_ex05,s12_ex05_epoch021,11,67
s12,s12_ex05,s12_ex05_epoch022,11,60
s12,s12_ex05,s12_ex05_epoch023,11,77
s12,s12_ex06,s12_ex06_epoch000,11,83
s12,s12_ex06,s12_ex06_epoch001,11,68
s12,s12_ex06,s12_ex06_epoch002,11,70
s12,s12_ex06,s12_ex06_epoch003,11,68
s12,s12_ex06,s12_ex06_epoch004,11,63
s12,s12_ex06,s12_ex06_epoch005,11,63
s12,s12_ex06,s12_ex06_epoch006,11,67
s12,s12_ex06,s12_ex06_epoch007,11,62
s12,s12_ex06,s12_ex06_epoch008,11,69
s12,s12_ex06,s12_ex06_epoch009,11,61
s12,s12_ex06,s12_ex06_epoch010,11,68
s12,s12_ex06,s12_ex06_epoch011,11,68
s12,s12_ex06,s12_ex06_epoch012,11,64
s12,s12_ex06,s12_ex06_epoch013,11,66
s12,s12_ex06,s12_ex06_epoch014,11,67
s12,s12_ex06,s12_ex06_epoch015,11,64
s12,s12_ex06,s12_ex06_epoch016,11,67
s12,s12_ex06,s12_ex06_epoch017,11,73
s12,s12_ex06,s12_ex06_epoch018,11,65
s12,s12_ex06,s12_ex06_epoch019,11,62
s12,s12_ex06,s12_ex06_epoch020,11,66
s12,s12_ex06,s12_ex06_epoch021,11,61
s12,s12_ex06,s12_ex06_epoch022,11,69
s12,s12_ex06,s12_ex06_epoch023,11,80
s12,s12_ex07,s12_ex07_epoch000,11,79
s12,s12_ex07,s12_ex07_epoch001,11,54
s12,s12_ex07,s12_ex07_epoch002,11,67
s12,s12_ex07,s12_ex07_epoch003,11,65
s12,s12_ex07,s12_ex07_epoch004,11,61
s12,s12_ex07,s12_ex07_epoch005,11,64
s12,s12_ex07,s12_ex07_epoch006,11,66
s12,s12_ex07,s12_ex07_epoch007,11,65
s12,s12_ex07,s12_ex07_epoch008,11,68
s12,s12_ex07,s12_ex07_epoch009,11,64
s12,s12_ex07,s12_ex07_epoch010,11,61
s12,s12_ex07,s12_ex07_epoch011,11,62
s12,s12_ex07,s12_ex07_epoch012,11,68
s12,s12_ex07,s12_ex07_epoch013,11,62
s12,s12_ex07,s12_ex07_epoch014,11,63
s12,s12_ex07,s12_ex07_epoch015,11,72
s12,s12_ex07,s12_ex07_epoch016,11,63
s12,s12_ex07,s12_ex07_epoch017,11,67
s12,s12_ex07,s12_ex07_epoch018,11,56
s12,s12_ex07,s12_ex07_epoch019,11,58
s12,s12_ex07,s12_ex07_epoch020,11,57
s12,s12_ex07,s12_ex07_epoch021,11,62
s12,s12_ex07,s12_ex07_epoch022,11,71
s12,s12_ex07,s12_ex07_epoch023,11,66
s12,s12_ex08,s12_ex08_epoch000,11,83
s12,s12_ex08,s12_ex08_epoch001,11,70
s12,s12_ex08,s12_ex08_epoch002,11,71
s12,s12_ex08,s12_ex08_epoch003,11,72
s12,s12_ex08,s12_ex08_epoch004,11,63
s12,s12_ex08,s12_ex08_epoch005,11,63
s12,s12_ex08,s12_ex08_epoch006,11,63
s12,s12_ex08,s12_ex08_epoch007,11,59
s12,s12_ex08,s12_ex08_epoch008,11,63
s12,s12_ex08,s12_ex08_epoch009,11,67
s12,s12_ex08,s12_ex08_epoch010,11,58
s12,s12_ex08,s12_ex08_epoch011,11,54
s12,s12_ex08,s12_ex08_epoch012,11,60
s12,s12_ex08,s12_ex08_epoch013,11,70
s12,s12_ex08,s12_ex08_epoch014,11,65
s12,s12_ex08,s12_ex08_epoch015,11,63
s12,s12_ex08,s12_ex08_epoch016,11,64
s12,s12_ex08,s12_ex08_epoch017,11,62
s12,s12_ex08,s12_ex08_epoch018,11,61
s12,s12_ex08,s12_ex08_epoch019,11,60
s12,s12_ex08,s12_ex08_epoch020,11,71
s12,s12_ex08,s12_ex08_epoch021,11,67
s12,s12_ex08,s12_ex08_epoch022,11,67
s12,s12_ex08,s12_ex08_epoch023,11,65
s12,s12_ex09,s12_ex09_epoch000,11,81
s12,s12_ex09,s12_ex09_epoch001,11,66
s12,s12_ex09,s12_ex09_epoch002,11,59
s12,s12_ex09,s12_ex09_epoch003,11,65
s12,s12_ex09,s12_ex09_epoch004,11,57
s12,s12_ex09,s12_ex09_epoch005,11,63
s12,s12_ex09,s12_ex09_epoch006,11,67
s12,s12_ex09,s12_ex09_epoch007,11,62
s12,s12_ex09,s12_ex09_epoch008,11,69
s12,s12_ex09,s12_ex09_epoch009,11,65
s12,s12_ex09,s12_ex09_epoch010,11,67
s12,s12_ex09,s12_ex09_epoch011,11,64
s12,s12_ex09,s12_ex09_epoch012,11,60
s12,s12_ex09,s12_ex09_epoch013,11,65
s12,s12_ex09,s12_ex09_epoch014,11,61
s12,s12_ex09,s12_ex09_epoch015,11,59
s12,s12_ex09,s12_ex09_epoch016,11,67
s12,s12_ex09,s12_ex09_epoch017,11,64
s12,s12_ex09,s12_ex09_epoch018,11,66
s12,s12_ex09,s12_ex09_epoch019,11,57
s12,s12_ex09,s12_ex09_epoch020,11,62
s12,s12_ex09,s12_ex09_epoch021,11,69
s12,s12_ex09,s12_ex09_epoch022,11,66
s12,s12_ex09,s12_ex09_epoch023,11,66
s12,s12_ex10,s12_ex10_epoch000,11,85
s12,s12_ex10,s12_ex10_epoch001,11,66
s12,s12_ex10,s12_ex10_epoch002,11,66
s12,s12_ex10,s12_ex10_epoch003,11,68
s12,s12_ex10,s12_ex10_epoch004,11,71
s12,s12_ex10,s12_ex10_epoch005,11,61
s12,s12_ex10,s12_ex10_epoch006,11,64
s12,s12_ex10,s12_ex10_epoch007,11,90
s12,s12_ex10,s12_ex10_epoch008,11,61
s12,s12_ex10,s12_ex10_epoch009,11,62
s12,s12_ex10,s12_ex10_epoch010,11,68
s12,s12_ex10,s12_ex10_epoch011,11,66
s12,s12_ex10,s12_ex10_epoch012,11,78
s12,s12_ex10,s12_ex10_epoch013,11,65
s12,s12_ex10,s12_ex10_epoch014,11,68
s12,s12_ex10,s12_ex10_epoch015,11,58
s12,s12_ex10,s12_ex10_epoch016,11,59
s12,s12_ex10,s12_ex10_epoch017,11,81
s12,s12_ex10,s12_ex10_epoch018,11,65
s12,s12_ex10,s12_ex10_epoch019,11,64
s12,s12_ex10,s12_ex10_epoch020,11,69
s12,s12_ex10,s12_ex10_epoch021,11,78
s12,s12_ex10,s12_ex10_epoch022,11,67
s12,s12_ex10,s12_ex10_epoch023,11,78
s13,s13_ex01_s01,s13_ex01_s01_epoch000,12,57
s13,s13_ex01_s01,s13_ex01_s01_epoch001,12,45
s13,s13_ex01_s01,s13_ex01_s01_epoch002,12,47
s13,s13_ex01_s01,s13_ex01_s01_epoch003,12,43
s13,s13_ex01_s01,s13_ex01_s01_epoch004,12,44
s13,s13_ex01_s01,s13_ex01_s01_epoch005,12,42
s13,s13_ex01_s01,s13_ex01_s01_epoch006,12,48
s13,s13_ex01_s01,s13_ex01_s01_epoch007,12,45
s13,s13_ex01_s01,s13_ex01_s01_epoch008,12,45
s13,s13_ex01_s01,s13_ex01_s01_epoch009,12,47
s13,s13_ex01_s01,s13_ex01_s01_epoch010,12,47
s13,s13_ex01_s01,s13_ex01_s01_epoch011,12,48
s13,s13_ex01_s01,s13_ex01_s01_epoch012,12,52
s13,s13_ex01_s01,s13_ex01_s01_epoch013,12,46
s13,s13_ex01_s01,s13_ex01_s01_epoch014,12,49
s13,s13_ex01_s01,s13_ex01_s01_epoch015,12,51
s13,s13_ex01_s01,s13_ex01_s01_epoch016,12,48
s13,s13_ex01_s01,s13_ex01_s01_epoch017,12,42
s13,s13_ex01_s01,s13_ex01_s01_epoch018,12,45
s13,s13_ex01_s01,s13_ex01_s01_epoch019,12,50
s13,s13_ex01_s01,s13_ex01_s01_epoch020,12,46
s13,s13_ex01_s01,s13_ex01_s01_epoch021,12,49
s13,s13_ex01_s01,s13_ex01_s01_epoch022,12,54
s13,s13_ex01_s01,s13_ex01_s01_epoch023,12,71
s13,s13_ex01_s02,s13_ex01_s02_epoch000,12,62
s13,s13_ex01_s02,s13_ex01_s02_epoch001,12,47
s13,s13_ex01_s02,s13_ex01_s02_epoch002,12,50
s13,s13_ex01_s02,s13_ex01_s02_epoch003,12,47
s13,s13_ex01_s02,s13_ex01_s02_epoch004,12,50
s13,s13_ex01_s02,s13_ex01_s02_epoch005,12,44
s13,s13_ex01_s02,s13_ex01_s02_epoch006,12,45
s13,s13_ex01_s02,s13_ex01_s02_epoch007,12,49
s13,s13_ex01_s02,s13_ex01_s02_epoch008,12,52
s13,s13_ex01_s02,s13_ex01_s02_epoch009,12,49
s13,s13_ex01_s02,s13_ex01_s02_epoch010,12,52
s13,s13_ex01_s02,s13_ex01_s02_epoch011,12,59
s13,s13_ex01_s02,s13_ex01_s02_epoch012,12,52
s13,s13_ex01_s02,s13_ex01_s02_epoch013,12,50
s13,s13_ex01_s02,s13_ex01_s02_epoch014,12,48
s13,s13_ex01_s02,s13_ex01_s02_epoch015,12,50
s13,s13_ex01_s02,s13_ex01_s02_epoch016,12,49
s13,s13_ex01_s02,s13_ex01_s02_epoch017,12,51
s13,s13_ex01_s02,s13_ex01_s02_epoch018,12,52
s13,s13_ex01_s02,s13_ex01_s02_epoch019,12,52
s13,s13_ex01_s02,s13_ex01_s02_epoch020,12,49
s13,s13_ex01_s02,s13_ex01_s02_epoch021,12,48
s13,s13_ex01_s02,s13_ex01_s02_epoch022,12,52
s13,s13_ex01_s02,s13_ex01_s02_epoch023,12,51
s13,s13_ex01_s03,s13_ex01_s03_epoch000,12,76
s13,s13_ex01_s03,s13_ex01_s03_epoch001,12,40
s13,s13_ex01_s03,s13_ex01_s03_epoch002,12,50
s13,s13_ex01_s03,s13_ex01_s03_epoch003,12,47
s13,s13_ex01_s03,s13_ex01_s03_epoch004,12,47
s13,s13_ex01_s03,s13_ex01_s03_epoch005,12,39
s13,s13_ex01_s03,s13_ex01_s03_epoch006,12,45
s13,s13_ex01_s03,s13_ex01_s03_epoch007,12,44
s13,s13_ex01_s03,s13_ex01_s03_epoch008,12,50
s13,s13_ex01_s03,s13_ex01_s03_epoch009,12,46
s13,s13_ex01_s03,s13_ex01_s03_epoch010,12,42
s13,s13_ex01_s03,s13_ex01_s03_epoch011,12,45
s13,s13_ex01_s03,s13_ex01_s03_epoch012,12,63
s13,s13_ex01_s03,s13_ex01_s03_epoch013,12,61
s13,s13_ex01_s03,s13_ex01_s03_epoch014,12,48
s13,s13_ex01_s03,s13_ex01_s03_epoch015,12,45
s13,s13_ex01_s03,s13_ex01_s03_epoch016,12,48
s13,s13_ex01_s03,s13_ex01_s03_epoch017,12,47
s13,s13_ex01_s03,s13_ex01_s03_epoch018,12,68
s13,s13_ex01_s03,s13_ex01_s03_epoch019,12,49
s13,s13_ex01_s03,s13_ex01_s03_epoch020,12,46
s13,s13_ex01_s03,s13_ex01_s03_epoch021,12,42
s13,s13_ex01_s03,s13_ex01_s03_epoch022,12,45
s13,s13_ex01_s03,s13_ex01_s03_epoch023,12,62
s13,s13_ex02_s01,s13_ex02_s01_epoch000,12,60
s13,s13_ex02_s01,s13_ex02_s01_epoch001,12,46
s13,s13_ex02_s01,s13_ex02_s01_epoch002,12,50
s13,s13_ex02_s01,s13_ex02_s01_epoch003,12,45
s13,s13_ex02_s01,s13_ex02_s01_epoch004,12,46
s13,s13_ex02_s01,s13_ex02_s01_epoch005,12,47
s13,s13_ex02_s01,s13_ex02_s01_epoch006,12,50
s13,s13_ex02_s01,s13_ex02_s01_epoch007,12,49
s13,s13_ex02_s01,s13_ex02_s01_epoch008,12,50
s13,s13_ex02_s01,s13_ex02_s01_epoch009,12,47
s13,s13_ex02_s01,s13_ex02_s01_epoch010,12,43
s13,s13_ex02_s01,s13_ex02_s01_epoch011,12,49
s13,s13_ex02_s01,s13_ex02_s01_epoch012,12,48
s13,s13_ex02_s01,s13_ex02_s01_epoch013,12,50
s13,s13_ex02_s01,s13_ex02_s01_epoch014,12,47
s13,s13_ex02_s01,s13_ex02_s01_epoch015,12,40
s13,s13_ex02_s01,s13_ex02_s01_epoch016,12,46
s13,s13_ex02_s01,s13_ex02_s01_epoch017,12,47
s13,s13_ex02_s01,s13_ex02_s01_epoch018,12,53
s13,s13_ex02_s01,s13_ex02_s01_epoch019,12,50
s13,s13_ex02_s01,s13_ex02_s01_epoch020,12,49
s13,s13_ex02_s01,s13_ex02_s01_epoch021,12,44
s13,s13_ex02_s01,s13_ex02_s01_epoch022,12,49
s13,s13_ex02_s01,s13_ex02_s01_epoch023,12,73
s13,s13_ex02_s02,s13_ex02_s02_epoch000,12,62
s13,s13_ex02_s02,s13_ex02_s02_epoch001,12,43
s13,s13_ex02_s02,s13_ex02_s02_epoch002,12,44
s13,s13_ex02_s02,s13_ex02_s02_epoch003,12,57
s13,s13_ex02_s02,s13_ex02_s02_epoch004,12,45
s13,s13_ex02_s02,s13_ex02_s02_epoch005,12,41
s13,s13_ex02_s02,s13_ex02_s02_epoch006,12,52
s13,s13_ex02_s02,s13_ex02_s02_epoch007,12,46
s13,s13_ex02_s02,s13_ex02_s02_epoch008,12,45
s13,s13_ex02_s02,s13_ex02_s02_epoch009,12,41
s13,s13_ex02_s02,s13_ex02_s02_epoch010,12,48
s13,s13_ex02_s02,s13_ex02_s02_epoch011,12,52
s13,s13_ex02_s02,s13_ex02_s02_epoch012,12,43
s13,s13_ex02_s02,s13_ex02_s02_epoch013,12,49
s13,s13_ex02_s02,s13_ex02_s02_epoch014,12,47
s13,s13_ex02_s02,s13_ex02_s02_epoch015,12,49
s13,s13_ex02_s02,s13_ex02_s02_epoch016,12,55
s13,s13_ex02_s02,s13_ex02_s02_epoch017,12,42
s13,s13_ex02_s02,s13_ex02_s02_epoch018,12,55
s13,s13_ex02_s02,s13_ex02_s02_epoch019,12,50
s13,s13_ex02_s02,s13_ex02_s02_epoch020,12,55
s13,s13_ex02_s02,s13_ex02_s02_epoch021,12,64
s13,s13_ex02_s02,s13_ex02_s02_epoch022,12,52
s13,s13_ex02_s02,s13_ex02_s02_epoch023,12,50
s13,s13_ex02_s03,s13_ex02_s03_epoch000,12,54
s13,s13_ex02_s03,s13_ex02_s03_epoch001,12,59
s13,s13_ex02_s03,s13_ex02_s03_epoch002,12,54
s13,s13_ex02_s03,s13_ex02_s03_epoch003,12,49
s13,s13_ex02_s03,s13_ex02_s03_epoch004,12,45
s13,s13_ex02_s03,s13_ex02_s03_epoch005,12,46
s13,s13_ex02_s03,s13_ex02_s03_epoch006,12,44
s13,s13_ex02_s03,s13_ex02_s03_epoch007,12,43
s13,s13_ex02_s03,s13_ex02_s03_epoch008,12,43
s13,s13_ex02_s03,s13_ex02_s03_epoch009,12,48
s13,s13_ex02_s03,s13_ex02_s03_epoch010,12,41
s13,s13_ex02_s03,s13_ex02_s03_epoch011,12,38
s13,s13_ex02_s03,s13_ex02_s03_epoch012,12,59
s13,s13_ex02_s03,s13_ex02_s03_epoch013,12,45
s13,s13_ex02_s03,s13_ex02_s03_epoch014,12,43
s13,s13_ex02_s03,s13_ex02_s03_epoch015,12,53
s13,s13_ex02_s03,s13_ex02_s03_epoch016,12,48
s13,s13_ex02_s03,s13_ex02_s03_epoch017,12,47
s13,s13_ex02_s03,s13_ex02_s03_epoch018,12,45
s13,s13_ex02_s03,s13_ex02_s03_epoch019,12,50
s13,s13_ex02_s03,s13_ex02_s03_epoch020,12,45
s13,s13_ex02_s03,s13_ex02_s03_epoch021,12,49
s13,s13_ex02_s03,s13_ex02_s03_epoch022,12,47
s13,s13_ex02_s03,s13_ex02_s03_epoch023,12,60
s13,s13_ex05,s13_ex05_epoch000,12,63
s13,s13_ex05,s13_ex05_epoch001,12,50
s13,s13_ex05,s13_ex05_epoch002,12,48
s13,s13_ex05,s13_ex05_epoch003,12,51
s13,s13_ex05,s13_ex05_epoch004,12,54
s13,s13_ex05,s13_ex05_epoch005,12,50
s13,s13_ex05,s13_ex05_epoch006,12,48
s13,s13_ex05,s13_ex05_epoch007,12,49
s13,s13_ex05,s13_ex05_epoch008,12,50
s13,s13_ex05,s13_ex05_epoch009,12,54
s13,s13_ex05,s13_ex05_epoch010,12,47
s13,s13_ex05,s13_ex05_epoch011,12,56
s13,s13_ex05,s13_ex05_epoch012,12,50
s13,s13_ex05,s13_ex05_epoch013,12,48
s13,s13_ex05,s13_ex05_epoch014,12,49
s13,s13_ex05,s13_ex05_epoch015,12,51
s13,s13_ex05,s13_ex05_epoch016,12,52
s13,s13_ex05,s13_ex05_epoch017,12,44
s13,s13_ex05,s13_ex05_epoch018,12,45
s13,s13_ex05,s13_ex05_epoch019,12,49
s13,s13_ex05,s13_ex05_epoch020,12,45
s13,s13_ex05,s13_ex05_epoch021,12,49
s13,s13_ex05,s13_ex05_epoch022,12,50
s13,s13_ex05,s13_ex05_epoch023,12,54
s13,s13_ex06,s13_ex06_epoch000,12,56
s13,s13_ex06,s13_ex06_epoch001,12,55
s13,s13_ex06,s13_ex06_epoch002,12,47
s13,s13_ex06,s13_ex06_epoch003,12,50
s13,s13_ex06,s13_ex06_epoch004,12,44
s13,s13_ex06,s13_ex06_epoch005,12,55
s13,s13_ex06,s13_ex06_epoch006,12,47
s13,s13_ex06,s13_ex06_epoch007,12,52
s13,s13_ex06,s13_ex06_epoch008,12,50
s13,s13_ex06,s13_ex06_epoch009,12,54
s13,s13_ex06,s13_ex06_epoch010,12,50
s13,s13_ex06,s13_ex06_epoch011,12,53
s13,s13_ex06,s13_ex06_epoch012,12,51
s13,s13_ex06,s13_ex06_epoch013,12,48
s13,s13_ex06,s13_ex06_epoch014,12,46
s13,s13_ex06,s13_ex06_epoch015,12,53
s13,s13_ex06,s13_ex06_epoch016,12,39
s13,s13_ex06,s13_ex06_epoch017,12,47
s13,s13_ex06,s13_ex06_epoch018,12,53
s13,s13_ex06,s13_ex06_epoch019,12,50
s13,s13_ex06,s13_ex06_epoch020,12,49
s13,s13_ex06,s13_ex06_epoch021,12,56
s13,s13_ex06,s13_ex06_epoch022,12,49
s13,s13_ex06,s13_ex06_epoch023,12,69
s13,s13_ex07,s13_ex07_epoch000,12,58
s13,s13_ex07,s13_ex07_epoch001,12,50
s13,s13_ex07,s13_ex07_epoch002,12,54
s13,s13_ex07,s13_ex07_epoch003,12,49
s13,s13_ex07,s13_ex07_epoch004,12,57
s13,s13_ex07,s13_ex07_epoch005,12,52
s13,s13_ex07,s13_ex07_epoch006,12,51
s13,s13_ex07,s13_ex07_epoch007,12,58
s13,s13_ex07,s13_ex07_epoch008,12,52
s13,s13_ex07,s13_ex07_epoch009,12,52
s13,s13_ex07,s13_ex07_epoch010,12,54
s13,s13_ex07,s13_ex07_epoch011,12,52
s13,s13_ex07,s13_ex07_epoch012,12,50
s13,s13_ex07,s13_ex07_epoch013,12,46
s13,s13_ex07,s13_ex07_epoch014,12,48
s13,s13_ex07,s13_ex07_epoch015,12,51
s13,s13_ex07,s13_ex07_epoch016,12,50
s13,s13_ex07,s13_ex07_epoch017,12,50
s13,s13_ex07,s13_ex07_epoch018,12,50
s13,s13_ex07,s13_ex07_epoch019,12,48
s13,s13_ex07,s13_ex07_epoch020,12,45
s13,s13_ex07,s13_ex07_epoch021,12,51
s13,s13_ex07,s13_ex07_epoch022,12,43
s13,s13_ex07,s13_ex07_epoch023,12,61
s13,s13_ex08,s13_ex08_epoch000,12,61
s13,s13_ex08,s13_ex08_epoch001,12,49
s13,s13_ex08,s13_ex08_epoch002,12,45
s13,s13_ex08,s13_ex08_epoch003,12,51
s13,s13_ex08,s13_ex08_epoch004,12,47
s13,s13_ex08,s13_ex08_epoch005,12,48
s13,s13_ex08,s13_ex08_epoch006,12,42
s13,s13_ex08,s13_ex08_epoch007,12,42
s13,s13_ex08,s13_ex08_epoch008,12,43
s13,s13_ex08,s13_ex08_epoch009,12,46
s13,s13_ex08,s13_ex08_epoch010,12,48
s13,s13_ex08,s13_ex08_epoch011,12,45
s13,s13_ex08,s13_ex08_epoch012,12,50
s13,s13_ex08,s13_ex08_epoch013,12,46
s13,s13_ex08,s13_ex08_epoch014,12,47
s13,s13_ex08,s13_ex08_epoch015,12,49
s13,s13_ex08,s13_ex08_epoch016,12,50
s13,s13_ex08,s13_ex08_epoch017,12,52
s13,s13_ex08,s13_ex08_epoch018,12,47
s13,s13_ex08,s13_ex08_epoch019,12,54
s13,s13_ex08,s13_ex08_epoch020,12,51
s13,s13_ex08,s13_ex08_epoch021,12,48
s13,s13_ex08,s13_ex08_epoch022,12,48
s13,s13_ex08,s13_ex08_epoch023,12,45
s13,s13_ex09,s13_ex09_epoch000,12,68
s13,s13_ex09,s13_ex09_epoch001,12,49
s13,s13_ex09,s13_ex09_epoch002,12,52
s13,s13_ex09,s13_ex09_epoch003,12,51
s13,s13_ex09,s13_ex09_epoch004,12,51
s13,s13_ex09,s13_ex09_epoch005,12,46
s13,s13_ex09,s13_ex09_epoch006,12,44
s13,s13_ex09,s13_ex09_epoch007,12,48
s13,s13_ex09,s13_ex09_epoch008,12,47
s13,s13_ex09,s13_ex09_epoch009,12,47
s13,s13_ex09,s13_ex09_epoch010,12,53
s13,s13_ex09,s13_ex09_epoch011,12,48
s13,s13_ex09,s13_ex09_epoch012,12,50
s13,s13_ex09,s13_ex09_epoch013,12,52
s13,s13_ex09,s13_ex09_epoch014,12,48
s13,s13_ex09,s13_ex09_epoch015,12,52
s13,s13_ex09,s13_ex09_epoch016,12,45
s13,s13_ex09,s13_ex09_epoch017,12,43
s13,s13_ex09,s13_ex09_epoch018,12,50
s13,s13_ex09,s13_ex09_epoch019,12,45
s13,s13_ex09,s13_ex09_epoch020,12,55
s13,s13_ex09,s13_ex09_epoch021,12,48
s13,s13_ex09,s13_ex09_epoch022,12,46
s13,s13_ex09,s13_ex09_epoch023,12,67
s13,s13_ex10,s13_ex10_epoch000,12,48
s13,s13_ex10,s13_ex10_epoch001,12,45
s13,s13_ex10,s13_ex10_epoch002,12,54
s13,s13_ex10,s13_ex10_epoch003,12,48
s13,s13_ex10,s13_ex10_epoch004,12,47
s13,s13_ex10,s13_ex10_epoch005,12,45
s13,s13_ex10,s13_ex10_epoch006,12,47
s13,s13_ex10,s13_ex10_epoch007,12,50
s13,s13_ex10,s13_ex10_epoch008,12,52
s13,s13_ex10,s13_ex10_epoch009,12,54
s13,s13_ex10,s13_ex10_epoch010,12,50
s13,s13_ex10,s13_ex10_epoch011,12,40
s13,s13_ex10,s13_ex10_epoch012,12,48
s13,s13_ex10,s13_ex10_epoch013,12,46
s13,s13_ex10,s13_ex10_epoch014,12,52
s13,s13_ex10,s13_ex10_epoch015,12,50
s13,s13_ex10,s13_ex10_epoch016,12,53
s13,s13_ex10,s13_ex10_epoch017,12,48
s13,s13_ex10,s13_ex10_epoch018,12,46
s13,s13_ex10,s13_ex10_epoch019,12,58
s13,s13_ex10,s13_ex10_epoch020,12,52
s13,s13_ex10,s13_ex10_epoch021,12,56
s13,s13_ex10,s13_ex10_epoch022,12,48
s13,s13_ex10,s13_ex10_epoch023,12,73
s14,s14_ex01_s01,s14_ex01_s01_epoch000,13,74
s14,s14_ex01_s01,s14_ex01_s01_epoch001,13,59
s14,s14_ex01_s01,s14_ex01_s01_epoch002,13,61
s14,s14_ex01_s01,s14_ex01_s01_epoch003,13,56
s14,s14_ex01_s01,s14_ex01_s01_epoch004,13,64
s14,s14_ex01_s01,s14_ex01_s01_epoch005,13,52
s14,s14_ex01_s01,s14_ex01_s01_epoch006,13,54
s14,s14_ex01_s01,s14_ex01_s01_epoch007,13,49
s14,s14_ex01_s01,s14_ex01_s01_epoch008,13,47
s14,s14_ex01_s01,s14_ex01_s01_epoch009,13,50
s14,s14_ex01_s01,s14_ex01_s01_epoch010,13,51
s14,s14_ex01_s01,s14_ex01_s01_epoch011,13,51
s14,s14_ex01_s01,s14_ex01_s01_epoch012,13,59
s14,s14_ex01_s01,s14_ex01_s01_epoch013,13,55
s14,s14_ex01_s01,s14_ex01_s01_epoch014,13,54
s14,s14_ex01_s01,s14_ex01_s01_epoch015,13,55
s14,s14_ex01_s01,s14_ex01_s01_epoch016,13,51
s14,s14_ex01_s01,s14_ex01_s01_epoch017,13,57
s14,s14_ex01_s01,s14_ex01_s01_epoch018,13,50
s14,s14_ex01_s01,s14_ex01_s01_epoch019,13,68
s14,s14_ex01_s01,s14_ex01_s01_epoch020,13,52
s14,s14_ex01_s01,s14_ex01_s01_epoch021,13,50
s14,s14_ex01_s01,s14_ex01_s01_epoch022,13,51
s14,s14_ex01_s01,s14_ex01_s01_epoch023,13,76
s14,s14_ex01_s02,s14_ex01_s02_epoch000,13,67
s14,s14_ex01_s02,s14_ex01_s02_epoch001,13,55
s14,s14_ex01_s02,s14_ex01_s02_epoch002,13,56
s14,s14_ex01_s02,s14_ex01_s02_epoch003,13,56
s14,s14_ex01_s02,s14_ex01_s02_epoch004,13,60
s14,s14_ex01_s02,s14_ex01_s02_epoch005,13,57
s14,s14_ex01_s02,s14_ex01_s02_epoch006,13,60
s14,s14_ex01_s02,s14_ex01_s02_epoch007,13,66
s14,s14_ex01_s02,s14_ex01_s02_epoch008,13,60
s14,s14_ex01_s02,s14_ex01_s02_epoch009,13,62
s14,s14_ex01_s02,s14_ex01_s02_epoch010,13,60
s14,s14_ex01_s02,s14_ex01_s02_epoch011,13,59
s14,s14_ex01_s02,s14_ex01_s02_epoch012,13,61
s14,s14_ex01_s02,s14_ex01_s02_epoch013,13,51
s14,s14_ex01_s02,s14_ex01_s02_epoch014,13,58
s14,s14_ex01_s02,s14_ex01_s02_epoch015,13,60
s14,s14_ex01_s02,s14_ex01_s02_epoch016,13,56
s14,s14_ex01_s02,s14_ex01_s02_epoch017,13,59
s14,s14_ex01_s02,s14_ex01_s02_epoch018,13,66
s14,s14_ex01_s02,s14_ex01_s02_epoch019,13,67
s14,s14_ex01_s02,s14_ex01_s02_epoch020,13,60
s14,s14_ex01_s02,s14_ex01_s02_epoch021,13,67
s14,s14_ex01_s02,s14_ex01_s02_epoch022,13,65
s14,s14_ex01_s02,s14_ex01_s02_epoch023,13,62
s14,s14_ex01_s03,s14_ex01_s03_epoch000,13,57
s14,s14_ex01_s03,s14_ex01_s03_epoch001,13,52
s14,s14_ex01_s03,s14_ex01_s03_epoch002,13,50
s14,s14_ex01_s03,s14_ex01_s03_epoch003,13,55
s14,s14_ex01_s03,s14_ex01_s03_epoch004,13,56
s14,s14_ex01_s03,s14_ex01_s03_epoch005,13,57
s14,s14_ex01_s03,s14_ex01_s03_epoch006,13,55
s14,s14_ex01_s03,s14_ex01_s03_epoch007,13,55
s14,s14_ex01_s03,s14_ex01_s03_epoch008,13,51
s14,s14_ex01_s03,s14_ex01_s03_epoch009,13,48
s14,s14_ex01_s03,s14_ex01_s03_epoch010,13,52
s14,s14_ex01_s03,s14_ex01_s03_epoch011,13,54
s14,s14_ex01_s03,s14_ex01_s03_epoch012,13,61
s14,s14_ex01_s03,s14_ex01_s03_epoch013,13,58
s14,s14_ex01_s03,s14_ex01_s03_epoch014,13,59
s14,s14_ex01_s03,s14_ex01_s03_epoch015,13,55
s14,s14_ex01_s03,s14_ex01_s03_epoch016,13,58
s14,s14_ex01_s03,s14_ex01_s03_epoch017,13,69
s14,s14_ex01_s03,s14_ex01_s03_epoch018,13,62
s14,s14_ex01_s03,s14_ex01_s03_epoch019,13,60
s14,s14_ex01_s03,s14_ex01_s03_epoch020,13,53
s14,s14_ex01_s03,s14_ex01_s03_epoch021,13,58
s14,s14_ex01_s03,s14_ex01_s03_epoch022,13,57
s14,s14_ex01_s03,s14_ex01_s03_epoch023,13,60
s14,s14_ex02_s01,s14_ex02_s01_epoch000,13,68
s14,s14_ex02_s01,s14_ex02_s01_epoch001,13,58
s14,s14_ex02_s01,s14_ex02_s01_epoch002,13,54
s14,s14_ex02_s01,s14_ex02_s01_epoch003,13,60
s14,s14_ex02_s01,s14_ex02_s01_epoch004,13,52
s14,s14_ex02_s01,s14_ex02_s01_epoch005,13,56
s14,s14_ex02_s01,s14_ex02_s01_epoch006,13,55
s14,s14_ex02_s01,s14_ex02_s01_epoch007,13,50
s14,s14_ex02_s01,s14_ex02_s01_epoch008,13,51
s14,s14_ex02_s01,s14_ex02_s01_epoch009,13,65
s14,s14_ex02_s01,s14_ex02_s01_epoch010,13,67
s14,s14_ex02_s01,s14_ex02_s01_epoch011,13,53
s14,s14_ex02_s01,s14_ex02_s01_epoch012,13,57
s14,s14_ex02_s01,s14_ex02_s01_epoch013,13,61
s14,s14_ex02_s01,s14_ex02_s01_epoch014,13,69
s14,s14_ex02_s01,s14_ex02_s01_epoch015,13,69
s14,s14_ex02_s01,s14_ex02_s01_epoch016,13,61
s14,s14_ex02_s01,s14_ex02_s01_epoch017,13,61
s14,s14_ex02_s01,s14_ex02_s01_epoch018,13,58
s14,s14_ex02_s01,s14_ex02_s01_epoch019,13,58
s14,s14_ex02_s01,s14_ex02_s01_epoch020,13,58
s14,s14_ex02_s01,s14_ex02_s01_epoch021,13,64
s14,s14_ex02_s01,s14_ex02_s01_epoch022,13,59
s14,s14_ex02_s01,s14_ex02_s01_epoch023,13,77
s14,s14_ex02_s02,s14_ex02_s02_epoch000,13,73
s14,s14_ex02_s02,s14_ex02_s02_epoch001,13,56
s14,s14_ex02_s02,s14_ex02_s02_epoch002,13,63
s14,s14_ex02_s02,s14_ex02_s02_epoch003,13,60
s14,s14_ex02_s02,s14_ex02_s02_epoch004,13,60
s14,s14_ex02_s02,s14_ex02_s02_epoch005,13,63
s14,s14_ex02_s02,s14_ex02_s02_epoch006,13,58
s14,s14_ex02_s02,s14_ex02_s02_epoch007,13,64
s14,s14_ex02_s02,s14_ex02_s02_epoch008,13,51
s14,s14_ex02_s02,s14_ex02_s02_epoch009,13,57
s14,s14_ex02_s02,s14_ex02_s02_epoch010,13,63
s14,s14_ex02_s02,s14_ex02_s02_epoch011,13,53
s14,s14_ex02_s02,s14_ex02_s02_epoch012,13,55
s14,s14_ex02_s02,s14_ex02_s02_epoch013,13,63
s14,s14_ex02_s02,s14_ex02_s02_epoch014,13,60
s14,s14_ex02_s02,s14_ex02_s02_epoch015,13,63
s14,s14_ex02_s02,s14_ex02_s02_epoch016,13,66
s14,s14_ex02_s02,s14_ex02_s02_epoch017,13,66
s14,s14_ex02_s02,s14_ex02_s02_epoch018,13,67
s14,s14_ex02_s02,s14_ex02_s02_epoch019,13,56
s14,s14_ex02_s02,s14_ex02_s02_epoch020,13,59
s14,s14_ex02_s02,s14_ex02_s02_epoch021,13,53
s14,s14_ex02_s02,s14_ex02_s02_epoch022,13,53
s14,s14_ex02_s02,s14_ex02_s02_epoch023,13,74
s14,s14_ex02_s03,s14_ex02_s03_epoch000,13,60
s14,s14_ex02_s03,s14_ex02_s03_epoch001,13,62
s14,s14_ex02_s03,s14_ex02_s03_epoch002,13,64
s14,s14_ex02_s03,s14_ex02_s03_epoch003,13,61
s14,s14_ex02_s03,s14_ex02_s03_epoch004,13,61
s14,s14_ex02_s03,s14_ex02_s03_epoch005,13,60
s14,s14_ex02_s03,s14_ex02_s03_epoch006,13,59
s14,s14_ex02_s03,s14_ex02_s03_epoch007,13,53
s14,s14_ex02_s03,s14_ex02_s03_epoch008,13,56
s14,s14_ex02_s03,s14_ex02_s03_epoch009,13,58
s14,s14_ex02_s03,s14_ex02_s03_epoch010,13,55
s14,s14_ex02_s03,s14_ex02_s03_epoch011,13,61
s14,s14_ex02_s03,s14_ex02_s03_epoch012,13,59
s14,s14_ex02_s03,s14_ex02_s03_epoch013,13,51
s14,s14_ex02_s03,s14_ex02_s03_epoch014,13,60
s14,s14_ex02_s03,s14_ex02_s03_epoch015,13,62
s14,s14_ex02_s03,s14_ex02_s03_epoch016,13,61
s14,s14_ex02_s03,s14_ex02_s03_epoch017,13,62
s14,s14_ex02_s03,s14_ex02_s03_epoch018,13,52
s14,s14_ex02_s03,s14_ex02_s03_epoch019,13,63
s14,s14_ex02_s03,s14_ex02_s03_epoch020,13,65
s14,s14_ex02_s03,s14_ex02_s03_epoch021,13,67
s14,s14_ex02_s03,s14_ex02_s03_epoch022,13,67
s14,s14_ex02_s03,s14_ex02_s03_epoch023,13,65
s14,s14_ex05,s14_ex05_epoch000,13,79
s14,s14_ex05,s14_ex05_epoch001,13,63
s14,s14_ex05,s14_ex05_epoch002,13,68
s14,s14_ex05,s14_ex05_epoch003,13,67
s14,s14_ex05,s14_ex05_epoch004,13,62
s14,s14_ex05,s14_ex05_epoch005,13,66
s14,s14_ex05,s14_ex05_epoch006,13,61
s14,s14_ex05,s14_ex05_epoch007,13,67
s14,s14_ex05,s14_ex05_epoch008,13,61
s14,s14_ex05,s14_ex05_epoch009,13,65
s14,s14_ex05,s14_ex05_epoch010,13,61
s14,s14_ex05,s14_ex05_epoch011,13,65
s14,s14_ex05,s14_ex05_epoch012,13,58
s14,s14_ex05,s14_ex05_epoch013,13,67
s14,s14_ex05,s14_ex05_epoch014,13,70
s14,s14_ex05,s14_ex05_epoch015,13,70
s14,s14_ex05,s14_ex05_epoch016,13,56
s14,s14_ex05,s14_ex05_epoch017,13,67
s14,s14_ex05,s14_ex05_epoch018,13,60
s14,s14_ex05,s14_ex05_epoch019,13,65
s14,s14_ex05,s14_ex05_epoch020,13,62
s14,s14_ex05,s14_ex05_epoch021,13,53
s14,s14_ex05,s14_ex05_epoch022,13,62
s14,s14_ex05,s14_ex05_epoch023,13,73
s14,s14_ex06,s14_ex06_epoch000,13,69
s14,s14_ex06,s14_ex06_epoch001,13,61
s14,s14_ex06,s14_ex06_epoch002,13,64
s14,s14_ex06,s14_ex06_epoch003,13,63
s14,s14_ex06,s14_ex06_epoch004,13,63
s14,s14_ex06,s14_ex06_epoch005,13,63
s14,s14_ex06,s14_ex06_epoch006,13,59
s14,s14_ex06,s14_ex06_epoch007,13,71
s14,s14_ex06,s14_ex06_epoch008,13,66
s14,s14_ex06,s14_ex06_epoch009,13,65
s14,s14_ex06,s14_ex06_epoch010,13,63
s14,s14_ex06,s14_ex06_epoch011,13,59
s14,s14_ex06,s14_ex06_epoch012,13,62
s14,s14_ex06,s14_ex06_epoch013,13,67
s14,s14_ex06,s14_ex06_epoch014,13,68
s14,s14_ex06,s14_ex06_epoch015,13,65
s14,s14_ex06,s14_ex06_epoch016,13,61
s14,s14_ex06,s14_ex06_epoch017,13,65
s14,s14_ex06,s14_ex06_epoch018,13,65
s14,s14_ex06,s14_ex06_epoch019,13,68
s14,s14_ex06,s14_ex06_epoch020,13,66
s14,s14_ex06,s14_ex06_epoch021,13,64
s14,s14_ex06,s14_ex06_epoch022,13,72
s14,s14_ex06,s14_ex06_epoch023,13,62
s14,s14_ex07,s14_ex07_epoch000,13,67
s14,s14_ex07,s14_ex07_epoch001,13,65
s14,s14_ex07,s14_ex07_epoch002,13,68
s14,s14_ex07,s14_ex07_epoch003,13,68
s14,s14_ex07,s14_ex07_epoch004,13,68
s14,s14_ex07,s14_ex07_epoch005,13,63
s14,s14_ex07,s14_ex07_epoch006,13,64
s14,s14_ex07,s14_ex07_epoch007,13,67
s14,s14_ex07,s14_ex07_epoch008,13,66
s14,s14_ex07,s14_ex07_epoch009,13,66
s14,s14_ex07,s14_ex07_epoch010,13,68
s14,s14_ex07,s14_ex07_epoch011,13,69
s14,s14_ex07,s14_ex07_epoch012,13,65
s14,s14_ex07,s14_ex07_epoch013,13,69
s14,s14_ex07,s14_ex07_epoch014,13,67
s14,s14_ex07,s14_ex07_epoch015,13,67
s14,s14_ex07,s14_ex07_epoch016,13,61
s14,s14_ex07,s14_ex07_epoch017,13,65
s14,s14_ex07,s14_ex07_epoch018,13,61
s14,s14_ex07,s14_ex07_epoch019,13,64
s14,s14_ex07,s14_ex07_epoch020,13,61
s14,s14_ex07,s14_ex07_epoch021,13,57
s14,s14_ex07,s14_ex07_epoch022,13,62
s14,s14_ex07,s14_ex07_epoch023,13,73
s14,s14_ex08,s14_ex08_epoch000,13,63
s14,s14_ex08,s14_ex08_epoch001,13,62
s14,s14_ex08,s14_ex08_epoch002,13,58
s14,s14_ex08,s14_ex08_epoch003,13,61
s14,s14_ex08,s14_ex08_epoch004,13,69
s14,s14_ex08,s14_ex08_epoch005,13,71
s14,s14_ex08,s14_ex08_epoch006,13,62
s14,s14_ex08,s14_ex08_epoch007,13,63
s14,s14_ex08,s14_ex08_epoch008,13,57
s14,s14_ex08,s14_ex08_epoch009,13,67
s14,s14_ex08,s14_ex08_epoch010,13,67
s14,s14_ex08,s14_ex08_epoch011,13,60
s14,s14_ex08,s14_ex08_epoch012,13,61
s14,s14_ex08,s14_ex08_epoch013,13,64
s14,s14_ex08,s14_ex08_epoch014,13,67
s14,s14_ex08,s14_ex08_epoch015,13,63
s14,s14_ex08,s14_ex08_epoch016,13,68
s14,s14_ex08,s14_ex08_epoch017,13,61
s14,s14_ex08,s14_ex08_epoch018,13,65
s14,s14_ex08,s14_ex08_epoch019,13,62
s14,s14_ex08,s14_ex08_epoch020,13,64
s14,s14_ex08,s14_ex08_epoch021,13,63
s14,s14_ex08,s14_ex08_epoch022,13,64
s14,s14_ex08,s14_ex08_epoch023,13,57
s14,s14_ex09,s14_ex09_epoch000,13,63
s14,s14_ex09,s14_ex09_epoch001,13,60
s14,s14_ex09,s14_ex09_epoch002,13,64
s14,s14_ex09,s14_ex09_epoch003,13,67
s14,s14_ex09,s14_ex09_epoch004,13,58
s14,s14_ex09,s14_ex09_epoch005,13,61
s14,s14_ex09,s14_ex09_epoch006,13,69
s14,s14_ex09,s14_ex09_epoch007,13,66
s14,s14_ex09,s14_ex09_epoch008,13,63
s14,s14_ex09,s14_ex09_epoch009,13,62
s14,s14_ex09,s14_ex09_epoch010,13,67
s14,s14_ex09,s14_ex09_epoch011,13,64
s14,s14_ex09,s14_ex09_epoch012,13,65
s14,s14_ex09,s14_ex09_epoch013,13,57
s14,s14_ex09,s14_ex09_epoch014,13,67
s14,s14_ex09,s14_ex09_epoch015,13,60
s14,s14_ex09,s14_ex09_epoch016,13,67
s14,s14_ex09,s14_ex09_epoch017,13,74
s14,s14_ex09,s14_ex09_epoch018,13,69
s14,s14_ex09,s14_ex09_epoch019,13,69
s14,s14_ex09,s14_ex09_epoch020,13,64
s14,s14_ex09,s14_ex09_epoch021,13,66
s14,s14_ex09,s14_ex09_epoch022,13,59
s14,s14_ex09,s14_ex09_epoch023,13,67
s14,s14_ex10,s14_ex10_epoch000,13,63
s14,s14_ex10,s14_ex10_epoch001,13,61
s14,s14_ex10,s14_ex10_epoch002,13,63
s14,s14_ex10,s14_ex10_epoch003,13,63
s14,s14_ex10,s14_ex10_epoch004,13,57
s14,s14_ex10,s14_ex10_epoch005,13,62
s14,s14_ex10,s14_ex10_epoch006,13,61
s14,s14_ex10,s14_ex10_epoch007,13,63
s14,s14_ex10,s14_ex10_epoch008,13,66
s14,s14_ex10,s14_ex10_epoch009,13,61
s14,s14_ex10,s14_ex10_epoch010,13,56
s14,s14_ex10,s14_ex10_epoch011,13,61
s14,s14_ex10,s14_ex10_epoch012,13,56
s14,s14_ex10,s14_ex10_epoch013,13,68
s14,s14_ex10,s14_ex10_epoch014,13,61
s14,s14_ex10,s14_ex10_epoch015,13,63
s14,s14_ex10,s14_ex10_epoch016,13,67
s14,s14_ex10,s14_ex10_epoch017,13,63
s14,s14_ex10,s14_ex10_epoch018,13,68
s14,s14_ex10,s14_ex10_epoch019,13,65
s14,s14_ex10,s14_ex10_epoch020,13,62
s14,s14_ex10,s14_ex10_epoch021,13,69
s14,s14_ex10,s14_ex10_epoch022,13,68
s14,s14_ex10,s14_ex10_epoch023,13,61
s15,s15_ex01_s01,s15_ex01_s01_epoch000,14,53
s15,s15_ex01_s01,s15_ex01_s01_epoch001,14,51
s15,s15_ex01_s01,s15_ex01_s01_epoch002,14,53
s15,s15_ex01_s01,s15_ex01_s01_epoch003,14,47
s15,s15_ex01_s01,s15_ex01_s01_epoch004,14,52
s15,s15_ex01_s01,s15_ex01_s01_epoch005,14,51
s15,s15_ex01_s01,s15_ex01_s01_epoch006,14,47
s15,s15_ex01_s01,s15_ex01_s01_epoch007,14,53
s15,s15_ex01_s01,s15_ex01_s01_epoch008,14,52
s15,s15_ex01_s01,s15_ex01_s01_epoch009,14,45
s15,s15_ex01_s01,s15_ex01_s01_epoch010,14,49
s15,s15_ex01_s01,s15_ex01_s01_epoch011,14,47
s15,s15_ex01_s01,s15_ex01_s01_epoch012,14,57
s15,s15_ex01_s01,s15_ex01_s01_epoch013,14,44
s15,s15_ex01_s01,s15_ex01_s01_epoch014,14,52
s15,s15_ex01_s01,s15_ex01_s01_epoch015,14,48
s15,s15_ex01_s01,s15_ex01_s01_epoch016,14,48
s15,s15_ex01_s01,s15_ex01_s01_epoch017,14,55
s15,s15_ex01_s01,s15_ex01_s01_epoch018,14,51
s15,s15_ex01_s01,s15_ex01_s01_epoch019,14,49
s15,s15_ex01_s01,s15_ex01_s01_epoch020,14,49
s15,s15_ex01_s01,s15_ex01_s01_epoch021,14,52
s15,s15_ex01_s01,s15_ex01_s01_epoch022,14,53
s15,s15_ex01_s01,s15_ex01_s01_epoch023,14,59
s15,s15_ex01_s02,s15_ex01_s02_epoch000,14,57
s15,s15_ex01_s02,s15_ex01_s02_epoch001,14,44
s15,s15_ex01_s02,s15_ex01_s02_epoch002,14,56
s15,s15_ex01_s02,s15_ex01_s02_epoch003,14,47
s15,s15_ex01_s02,s15_ex01_s02_epoch004,14,43
s15,s15_ex01_s02,s15_ex01_s02_epoch005,14,44
s15,s15_ex01_s02,s15_ex01_s02_epoch006,14,56
s15,s15_ex01_s02,s15_ex01_s02_epoch007,14,52
s15,s15_ex01_s02,s15_ex01_s02_epoch008,14,60
s15,s15_ex01_s02,s15_ex01_s02_epoch009,14,45
s15,s15_ex01_s02,s15_ex01_s02_epoch010,14,57
s15,s15_ex01_s02,s15_ex01_s02_epoch011,14,45
s15,s15_ex01_s02,s15_ex01_s02_epoch012,14,56
s15,s15_ex01_s02,s15_ex01_s02_epoch013,14,53
s15,s15_ex01_s02,s15_ex01_s02_epoch014,14,43
s15,s15_ex01_s02,s15_ex01_s02_epoch015,14,55
s15,s15_ex01_s02,s15_ex01_s02_epoch016,14,58
s15,s15_ex01_s02,s15_ex01_s02_epoch017,14,54
s15,s15_ex01_s02,s15_ex01_s02_epoch018,14,60
s15,s15_ex01_s02,s15_ex01_s02_epoch019,14,52
s15,s15_ex01_s02,s15_ex01_s02_epoch020,14,49
s15,s15_ex01_s02,s15_ex01_s02_epoch021,14,41
s15,s15_ex01_s02,s15_ex01_s02_epoch022,14,56
s15,s15_ex01_s02,s15_ex01_s02_epoch023,14,60
s15,s15_ex01_s03,s15_ex01_s03_epoch000,14,67
s15,s15_ex01_s03,s15_ex01_s03_epoch001,14,52
s15,s15_ex01_s03,s15_ex01_s03_epoch002,14,43
s15,s15_ex01_s03,s15_ex01_s03_epoch003,14,53
s15,s15_ex01_s03,s15_ex01_s03_epoch004,14,49
s15,s15_ex01_s03,s15_ex01_s03_epoch005,14,49
s15,s15_ex01_s03,s15_ex01_s03_epoch006,14,50
s15,s15_ex01_s03,s15_ex01_s03_epoch007,14,54
s15,s15_ex01_s03,s15_ex01_s03_epoch008,14,53
s15,s15_ex01_s03,s15_ex01_s03_epoch009,14,52
s15,s15_ex01_s03,s15_ex01_s03_epoch010,14,46
s15,s15_ex01_s03,s15_ex01_s03_epoch011,14,49
s15,s15_ex01_s03,s15_ex01_s03_epoch012,14,57
s15,s15_ex01_s03,s15_ex01_s03_epoch013,14,54
s15,s15_ex01_s03,s15_ex01_s03_epoch014,14,52
s15,s15_ex01_s03,s15_ex01_s03_epoch015,14,51
s15,s15_ex01_s03,s15_ex01_s03_epoch016,14,58
s15,s15_ex01_s03,s15_ex01_s03_epoch017,14,51
s15,s15_ex01_s03,s15_ex01_s03_epoch018,14,47
s15,s15_ex01_s03,s15_ex01_s03_epoch019,14,55
s15,s15_ex01_s03,s15_ex01_s03_epoch020,14,55
s15,s15_ex01_s03,s15_ex01_s03_epoch021,14,46
s15,s15_ex01_s03,s15_ex01_s03_epoch022,14,48
s15,s15_ex01_s03,s15_ex01_s03_epoch023,14,75
s15,s15_ex02_s01,s15_ex02_s01_epoch000,14,53
s15,s15_ex02_s01,s15_ex02_s01_epoch001,14,51
s15,s15_ex02_s01,s15_ex02_s01_epoch002,14,47
s15,s15_ex02_s01,s15_ex02_s01_epoch003,14,58
s15,s15_ex02_s01,s15_ex02_s01_epoch004,14,46
s15,s15_ex02_s01,s15_ex02_s01_epoch005,14,54
s15,s15_ex02_s01,s15_ex02_s01_epoch006,14,64
s15,s15_ex02_s01,s15_ex02_s01_epoch007,14,58
s15,s15_ex02_s01,s15_ex02_s01_epoch008,14,59
s15,s15_ex02_s01,s15_ex02_s01_epoch009,14,49
s15,s15_ex02_s01,s15_ex02_s01_epoch010,14,58
s15,s15_ex02_s01,s15_ex02_s01_epoch011,14,46
s15,s15_ex02_s01,s15_ex02_s01_epoch012,14,53
s15,s15_ex02_s01,s15_ex02_s01_epoch013,14,55
s15,s15_ex02_s01,s15_ex02_s01_epoch014,14,42
s15,s15_ex02_s01,s15_ex02_s01_epoch015,14,45
s15,s15_ex02_s01,s15_ex02_s01_epoch016,14,52
s15,s15_ex02_s01,s15_ex02_s01_epoch017,14,45
s15,s15_ex02_s01,s15_ex02_s01_epoch018,14,51
s15,s15_ex02_s01,s15_ex02_s01_epoch019,14,68
s15,s15_ex02_s01,s15_ex02_s01_epoch020,14,56
s15,s15_ex02_s01,s15_ex02_s01_epoch021,14,53
s15,s15_ex02_s01,s15_ex02_s01_epoch022,14,56
s15,s15_ex02_s01,s15_ex02_s01_epoch023,14,67
s15,s15_ex02_s02,s15_ex02_s02_epoch000,14,56
s15,s15_ex02_s02,s15_ex02_s02_epoch001,14,51
s15,s15_ex02_s02,s15_ex02_s02_epoch002,14,49
s15,s15_ex02_s02,s15_ex02_s02_epoch003,14,59
s15,s15_ex02_s02,s15_ex02_s02_epoch004,14,49
s15,s15_ex02_s02,s15_ex02_s02_epoch005,14,56
s15,s15_ex02_s02,s15_ex02_s02_epoch006,14,43
s15,s15_ex02_s02,s15_ex02_s02_epoch007,14,52
s15,s15_ex02_s02,s15_ex02_s02_epoch008,14,45
s15,s15_ex02_s02,s15_ex02_s02_epoch009,14,66
s15,s15_ex02_s02,s15_ex02_s02_epoch010,14,59
s15,s15_ex02_s02,s15_ex02_s02_epoch011,14,57
s15,s15_ex02_s02,s15_ex02_s02_epoch012,14,52
s15,s15_ex02_s02,s15_ex02_s02_epoch013,14,50
s15,s15_ex02_s02,s15_ex02_s02_epoch014,14,44
s15,s15_ex02_s02,s15_ex02_s02_epoch015,14,74
s15,s15_ex02_s02,s15_ex02_s02_epoch016,14,55
s15,s15_ex02_s02,s15_ex02_s02_epoch017,14,57
s15,s15_ex02_s02,s15_ex02_s02_epoch018,14,58
s15,s15_ex02_s02,s15_ex02_s02_epoch019,14,44
s15,s15_ex02_s02,s15_ex02_s02_epoch020,14,69
s15,s15_ex02_s02,s15_ex02_s02_epoch021,14,58
s15,s15_ex02_s02,s15_ex02_s02_epoch022,14,46
s15,s15_ex02_s02,s15_ex02_s02_epoch023,14,62
s15,s15_ex02_s03,s15_ex02_s03_epoch000,14,68
s15,s15_ex02_s03,s15_ex02_s03_epoch001,14,42
s15,s15_ex02_s03,s15_ex02_s03_epoch002,14,47
s15,s15_ex02_s03,s15_ex02_s03_epoch003,14,51
s15,s15_ex02_s03,s15_ex02_s03_epoch004,14,56
s15,s15_ex02_s03,s15_ex02_s03_epoch005,14,62
s15,s15_ex02_s03,s15_ex02_s03_epoch006,14,62
s15,s15_ex02_s03,s15_ex02_s03_epoch007,14,55
s15,s15_ex02_s03,s15_ex02_s03_epoch008,14,46
s15,s15_ex02_s03,s15_ex02_s03_epoch009,14,51
s15,s15_ex02_s03,s15_ex02_s03_epoch010,14,53
s15,s15_ex02_s03,s15_ex02_s03_epoch011,14,64
s15,s15_ex02_s03,s15_ex02_s03_epoch012,14,60
s15,s15_ex02_s03,s15_ex02_s03_epoch013,14,60
s15,s15_ex02_s03,s15_ex02_s03_epoch014,14,57
s15,s15_ex02_s03,s15_ex02_s03_epoch015,14,60
s15,s15_ex02_s03,s15_ex02_s03_epoch016,14,49
s15,s15_ex02_s03,s15_ex02_s03_epoch017,14,42
s15,s15_ex02_s03,s15_ex02_s03_epoch018,14,53
s15,s15_ex02_s03,s15_ex02_s03_epoch019,14,47
s15,s15_ex02_s03,s15_ex02_s03_epoch020,14,62
s15,s15_ex02_s03,s15_ex02_s03_epoch021,14,51
s15,s15_ex02_s03,s15_ex02_s03_epoch022,14,47
s15,s15_ex02_s03,s15_ex02_s03_epoch023,14,59
s15,s15_ex05,s15_ex05_epoch000,14,54
s15,s15_ex05,s15_ex05_epoch001,14,48
s15,s15_ex05,s15_ex05_epoch002,14,54
s15,s15_ex05,s15_ex05_epoch003,14,56
s15,s15_ex05,s15_ex05_epoch004,14,53
s15,s15_ex05,s15_ex05_epoch005,14,54
s15,s15_ex05,s15_ex05_epoch006,14,46
s15,s15_ex05,s15_ex05_epoch007,14,56
s15,s15_ex05,s15_ex05_epoch008,14,63
s15,s15_ex05,s15_ex05_epoch009,14,46
s15,s15_ex05,s15_ex05_epoch010,14,58
s15,s15_ex05,s15_ex05_epoch011,14,57
s15,s15_ex05,s15_ex05_epoch012,14,63
s15,s15_ex05,s15_ex05_epoch013,14,55
s15,s15_ex05,s15_ex05_epoch014,14,55
s15,s15_ex05,s15_ex05_epoch015,14,53
s15,s15_ex05,s15_ex05_epoch016,14,56
s15,s15_ex05,s15_ex05_epoch017,14,45
s15,s15_ex05,s15_ex05_epoch018,14,42
s15,s15_ex05,s15_ex05_epoch019,14,64
s15,s15_ex05,s15_ex05_epoch020,14,61
s15,s15_ex05,s15_ex05_epoch021,14,47
s15,s15_ex05,s15_ex05_epoch022,14,59
s15,s15_ex05,s15_ex05_epoch023,14,56
s15,s15_ex06,s15_ex06_epoch000,14,52
s15,s15_ex06,s15_ex06_epoch001,14,53
s15,s15_ex06,s15_ex06_epoch002,14,46
s15,s15_ex06,s15_ex06_epoch003,14,54
s15,s15_ex06,s15_ex06_epoch004,14,45
s15,s15_ex06,s15_ex06_epoch005,14,47
s15,s15_ex06,s15_ex06_epoch006,14,47
s15,s15_ex06,s15_ex06_epoch007,14,50
s15,s15_ex06,s15_ex06_epoch008,14,51
s15,s15_ex06,s15_ex06_epoch009,14,54
s15,s15_ex06,s15_ex06_epoch010,14,48
s15,s15_ex06,s15_ex06_epoch011,14,54
s15,s15_ex06,s15_ex06_epoch012,14,61
s15,s15_ex06,s15_ex06_epoch013,14,61
s15,s15_ex06,s15_ex06_epoch014,14,49
s15,s15_ex06,s15_ex06_epoch015,14,56
s15,s15_ex06,s15_ex06_epoch016,14,61
s15,s15_ex06,s15_ex06_epoch017,14,56
s15,s15_ex06,s15_ex06_epoch018,14,49
s15,s15_ex06,s15_ex06_epoch019,14,60
s15,s15_ex06,s15_ex06_epoch020,14,53
s15,s15_ex06,s15_ex06_epoch021,14,49
s15,s15_ex06,s15_ex06_epoch022,14,59
s15,s15_ex06,s15_ex06_epoch023,14,51
s15,s15_ex07,s15_ex07_epoch000,14,58
s15,s15_ex07,s15_ex07_epoch001,14,54
s15,s15_ex07,s15_ex07_epoch002,14,52
s15,s15_ex07,s15_ex07_epoch003,14,54
s15,s15_ex07,s15_ex07_epoch004,14,53
s15,s15_ex07,s15_ex07_epoch005,14,50
s15,s15_ex07,s15_ex07_epoch006,14,60
s15,s15_ex07,s15_ex07_epoch007,14,55
s15,s15_ex07,s15_ex07_epoch008,14,49
s15,s15_ex07,s15_ex07_epoch009,14,55
s15,s15_ex07,s15_ex07_epoch010,14,50
s15,s15_ex07,s15_ex07_epoch011,14,64
s15,s15_ex07,s15_ex07_epoch012,14,58
s15,s15_ex07,s15_ex07_epoch013,14,60
s15,s15_ex07,s15_ex07_epoch014,14,59
s15,s15_ex07,s15_ex07_epoch015,14,56
s15,s15_ex07,s15_ex07_epoch016,14,58
s15,s15_ex07,s15_ex07_epoch017,14,55
s15,s15_ex07,s15_ex07_epoch018,14,58
s15,s15_ex07,s15_ex07_epoch019,14,59
s15,s15_ex07,s15_ex07_epoch020,14,55
s15,s15_ex07,s15_ex07_epoch021,14,51
s15,s15_ex07,s15_ex07_epoch022,14,53
s15,s15_ex07,s15_ex07_epoch023,14,43
s15,s15_ex08,s15_ex08_epoch000,14,57
s15,s15_ex08,s15_ex08_epoch001,14,54
s15,s15_ex08,s15_ex08_epoch002,14,60
s15,s15_ex08,s15_ex08_epoch003,14,60
s15,s15_ex08,s15_ex08_epoch004,14,56
s15,s15_ex08,s15_ex08_epoch005,14,55
s15,s15_ex08,s15_ex08_epoch006,14,61
s15,s15_ex08,s15_ex08_epoch007,14,54
s15,s15_ex08,s15_ex08_epoch008,14,61
s15,s15_ex08,s15_ex08_epoch009,14,59
s15,s15_ex08,s15_ex08_epoch010,14,60
s15,s15_ex08,s15_ex08_epoch011,14,51
s15,s15_ex08,s15_ex08_epoch012,14,59
s15,s15_ex08,s15_ex08_epoch013,14,42
s15,s15_ex08,s15_ex08_epoch014,14,60
s15,s15_ex08,s15_ex08_epoch015,14,59
s15,s15_ex08,s15_ex08_epoch016,14,59
s15,s15_ex08,s15_ex08_epoch017,14,53
s15,s15_ex08,s15_ex08_epoch018,14,59
s15,s15_ex08,s15_ex08_epoch019,14,54
s15,s15_ex08,s15_ex08_epoch020,14,55
s15,s15_ex08,s15_ex08_epoch021,14,67
s15,s15_ex08,s15_ex08_epoch022,14,53
s15,s15_ex08,s15_ex08_epoch023,14,58
s15,s15_ex09,s15_ex09_epoch000,14,55
s15,s15_ex09,s15_ex09_epoch001,14,52
s15,s15_ex09,s15_ex09_epoch002,14,50
s15,s15_ex09,s15_ex09_epoch003,14,60
s15,s15_ex09,s15_ex09_epoch004,14,62
s15,s15_ex09,s15_ex09_epoch005,14,66
s15,s15_ex09,s15_ex09_epoch006,14,52
s15,s15_ex09,s15_ex09_epoch007,14,63
s15,s15_ex09,s15_ex09_epoch008,14,60
s15,s15_ex09,s15_ex09_epoch009,14,54
s15,s15_ex09,s15_ex09_epoch010,14,64
s15,s15_ex09,s15_ex09_epoch011,14,54
s15,s15_ex09,s15_ex09_epoch012,14,58
s15,s15_ex09,s15_ex09_epoch013,14,57
s15,s15_ex09,s15_ex09_epoch014,14,55
s15,s15_ex09,s15_ex09_epoch015,14,57
s15,s15_ex09,s15_ex09_epoch016,14,57
s15,s15_ex09,s15_ex09_epoch017,14,51
s15,s15_ex09,s15_ex09_epoch018,14,61
s15,s15_ex09,s15_ex09_epoch019,14,61
s15,s15_ex09,s15_ex09_epoch020,14,49
s15,s15_ex09,s15_ex09_epoch021,14,57
s15,s15_ex09,s15_ex09_epoch022,14,61
s15,s15_ex09,s15_ex09_epoch023,14,57
s15,s15_ex10,s15_ex10_epoch000,14,56
s15,s15_ex10,s15_ex10_epoch001,14,58
s15,s15_ex10,s15_ex10_epoch002,14,48
s15,s15_ex10,s15_ex10_epoch003,14,53
s15,s15_ex10,s15_ex10_epoch004,14,52
s15,s15_ex10,s15_ex10_epoch005,14,58
s15,s15_ex10,s15_ex10_epoch006,14,59
s15,s15_ex10,s15_ex10_epoch007,14,55
s15,s15_ex10,s15_ex10_epoch008,14,59
s15,s15_ex10,s15_ex10_epoch009,14,53
s15,s15_ex10,s15_ex10_epoch010,14,55
s15,s15_ex10,s15_ex10_epoch011,14,62
s15,s15_ex10,s15_ex10_epoch012,14,57
s15,s15_ex10,s15_ex10_epoch013,14,65
s15,s15_ex10,s15_ex10_epoch014,14,44
s15,s15_ex10,s15_ex10_epoch015,14,51
s15,s15_ex10,s15_ex10_epoch016,14,51
s15,s15_ex10,s15_ex10_epoch017,14,54
s15,s15_ex10,s15_ex10_epoch018,14,58
s15,s15_ex10,s15_ex10_epoch019,14,57
s15,s15_ex10,s15_ex10_epoch020,14,58
s15,s15_ex10,s15_ex10_epoch021,14,64
s15,s15_ex10,s15_ex10_epoch022,14,51
s15,s15_ex10,s15_ex10_epoch023,14,53
s16,s16_ex01_s01,s16_ex01_s01_epoch000,15,75
s16,s16_ex01_s01,s16_ex01_s01_epoch001,15,55
s16,s16_ex01_s01,s16_ex01_s01_epoch002,15,45
s16,s16_ex01_s01,s16_ex01_s01_epoch003,15,52
s16,s16_ex01_s01,s16_ex01_s01_epoch004,15,46
s16,s16_ex01_s01,s16_ex01_s01_epoch005,15,63
s16,s16_ex01_s01,s16_ex01_s01_epoch006,15,45
s16,s16_ex01_s01,s16_ex01_s01_epoch007,15,72
s16,s16_ex01_s01,s16_ex01_s01_epoch008,15,59
s16,s16_ex01_s01,s16_ex01_s01_epoch009,15,59
s16,s16_ex01_s01,s16_ex01_s01_epoch010,15,73
s16,s16_ex01_s01,s16_ex01_s01_epoch011,15,66
s16,s16_ex01_s01,s16_ex01_s01_epoch012,15,72
s16,s16_ex01_s01,s16_ex01_s01_epoch013,15,59
s16,s16_ex01_s01,s16_ex01_s01_epoch014,15,56
s16,s16_ex01_s01,s16_ex01_s01_epoch015,15,57
s16,s16_ex01_s01,s16_ex01_s01_epoch016,15,64
s16,s16_ex01_s01,s16_ex01_s01_epoch017,15,64
s16,s16_ex01_s01,s16_ex01_s01_epoch018,15,66
s16,s16_ex01_s01,s16_ex01_s01_epoch019,15,46
s16,s16_ex01_s01,s16_ex01_s01_epoch020,15,70
s16,s16_ex01_s01,s16_ex01_s01_epoch021,15,60
s16,s16_ex01_s01,s16_ex01_s01_epoch022,15,70
s16,s16_ex01_s01,s16_ex01_s01_epoch023,15,89
s16,s16_ex01_s02,s16_ex01_s02_epoch000,15,75
s16,s16_ex01_s02,s16_ex01_s02_epoch001,15,50
s16,s16_ex01_s02,s16_ex01_s02_epoch002,15,62
s16,s16_ex01_s02,s16_ex01_s02_epoch003,15,69
s16,s16_ex01_s02,s16_ex01_s02_epoch004,15,69
s16,s16_ex01_s02,s16_ex01_s02_epoch005,15,71
s16,s16_ex01_s02,s16_ex01_s02_epoch006,15,70
s16,s16_ex01_s02,s16_ex01_s02_epoch007,15,56
s16,s16_ex01_s02,s16_ex01_s02_epoch008,15,61
s16,s16_ex01_s02,s16_ex01_s02_epoch009,15,68
s16,s16_ex01_s02,s16_ex01_s02_epoch010,15,60
s16,s16_ex01_s02,s16_ex01_s02_epoch011,15,66
s16,s16_ex01_s02,s16_ex01_s02_epoch012,15,63
s16,s16_ex01_s02,s16_ex01_s02_epoch013,15,62
s16,s16_ex01_s02,s16_ex01_s02_epoch014,15,53
s16,s16_ex01_s02,s16_ex01_s02_epoch015,15,67
s16,s16_ex01_s02,s16_ex01_s02_epoch016,15,46
s16,s16_ex01_s02,s16_ex01_s02_epoch017,15,51
s16,s16_ex01_s02,s16_ex01_s02_epoch018,15,58
s16,s16_ex01_s02,s16_ex01_s02_epoch019,15,53
s16,s16_ex01_s02,s16_ex01_s02_epoch020,15,53
s16,s16_ex01_s02,s16_ex01_s02_epoch021,15,65
s16,s16_ex01_s02,s16_ex01_s02_epoch022,15,56
s16,s16_ex01_s02,s16_ex01_s02_epoch023,15,87
s16,s16_ex01_s03,s16_ex01_s03_epoch000,15,75
s16,s16_ex01_s03,s16_ex01_s03_epoch001,15,53
s16,s16_ex01_s03,s16_ex01_s03_epoch002,15,40
s16,s16_ex01_s03,s16_ex01_s03_epoch003,15,54
s16,s16_ex01_s03,s16_ex01_s03_epoch004,15,71
s16,s16_ex01_s03,s16_ex01_s03_epoch005,15,62
s16,s16_ex01_s03,s16_ex01_s03_epoch006,15,72
s16,s16_ex01_s03,s16_ex01_s03_epoch007,15,74
s16,s16_ex01_s03,s16_ex01_s03_epoch008,15,52
s16,s16_ex01_s03,s16_ex01_s03_epoch009,15,60
s16,s16_ex01_s03,s16_ex01_s03_epoch010,15,67
s16,s16_ex01_s03,s16_ex01_s03_epoch011,15,52
s16,s16_ex01_s03,s16_ex01_s03_epoch012,15,65
s16,s16_ex01_s03,s16_ex01_s03_epoch013,15,59
s16,s16_ex01_s03,s16_ex01_s03_epoch014,15,75
s16,s16_ex01_s03,s16_ex01_s03_epoch015,15,64
s16,s16_ex01_s03,s16_ex01_s03_epoch016,15,53
s16,s16_ex01_s03,s16_ex01_s03_epoch017,15,56
s16,s16_ex01_s03,s16_ex01_s03_epoch018,15,58
s16,s16_ex01_s03,s16_ex01_s03_epoch019,15,64
s16,s16_ex01_s03,s16_ex01_s03_epoch020,15,73
s16,s16_ex01_s03,s16_ex01_s03_epoch021,15,59
s16,s16_ex01_s03,s16_ex01_s03_epoch022,15,76
s16,s16_ex01_s03,s16_ex01_s03_epoch023,15,65
s16,s16_ex02_s01,s16_ex02_s01_epoch000,15,69
s16,s16_ex02_s01,s16_ex02_s01_epoch001,15,48
s16,s16_ex02_s01,s16_ex02_s01_epoch002,15,59
s16,s16_ex02_s01,s16_ex02_s01_epoch003,15,49
s16,s16_ex02_s01,s16_ex02_s01_epoch004,15,51
s16,s16_ex02_s01,s16_ex02_s01_epoch005,15,54
s16,s16_ex02_s01,s16_ex02_s01_epoch006,15,44
s16,s16_ex02_s01,s16_ex02_s01_epoch007,15,56
s16,s16_ex02_s01,s16_ex02_s01_epoch008,15,48
s16,s16_ex02_s01,s16_ex02_s01_epoch009,15,53
s16,s16_ex02_s01,s16_ex02_s01_epoch010,15,59
s16,s16_ex02_s01,s16_ex02_s01_epoch011,15,61
s16,s16_ex02_s01,s16_ex02_s01_epoch012,15,61
s16,s16_ex02_s01,s16_ex02_s01_epoch013,15,51
s16,s16_ex02_s01,s16_ex02_s01_epoch014,15,44
s16,s16_ex02_s01,s16_ex02_s01_epoch015,15,61
s16,s16_ex02_s01,s16_ex02_s01_epoch016,15,61
s16,s16_ex02_s01,s16_ex02_s01_epoch017,15,48
s16,s16_ex02_s01,s16_ex02_s01_epoch018,15,58
s16,s16_ex02_s01,s16_ex02_s01_epoch019,15,52
s16,s16_ex02_s01,s16_ex02_s01_epoch020,15,52
s16,s16_ex02_s01,s16_ex02_s01_epoch021,15,46
s16,s16_ex02_s01,s16_ex02_s01_epoch022,15,47
s16,s16_ex02_s01,s16_ex02_s01_epoch023,15,59
s16,s16_ex02_s02,s16_ex02_s02_epoch000,15,69
s16,s16_ex02_s02,s16_ex02_s02_epoch001,15,48
s16,s16_ex02_s02,s16_ex02_s02_epoch002,15,59
s16,s16_ex02_s02,s16_ex02_s02_epoch003,15,49
s16,s16_ex02_s02,s16_ex02_s02_epoch004,15,51
s16,s16_ex02_s02,s16_ex02_s02_epoch005,15,54
s16,s16_ex02_s02,s16_ex02_s02_epoch006,15,44
s16,s16_ex02_s02,s16_ex02_s02_epoch007,15,56
s16,s16_ex02_s02,s16_ex02_s02_epoch008,15,48
s16,s16_ex02_s02,s16_ex02_s02_epoch009,15,53
s16,s16_ex02_s02,s16_ex02_s02_epoch010,15,59
s16,s16_ex02_s02,s16_ex02_s02_epoch011,15,61
s16,s16_ex02_s02,s16_ex02_s02_epoch012,15,61
s16,s16_ex02_s02,s16_ex02_s02_epoch013,15,51
s16,s16_ex02_s02,s16_ex02_s02_epoch014,15,44
s16,s16_ex02_s02,s16_ex02_s02_epoch015,15,61
s16,s16_ex02_s02,s16_ex02_s02_epoch016,15,61
s16,s16_ex02_s02,s16_ex02_s02_epoch017,15,48
s16,s16_ex02_s02,s16_ex02_s02_epoch018,15,58
s16,s16_ex02_s02,s16_ex02_s02_epoch019,15,52
s16,s16_ex02_s02,s16_ex02_s02_epoch020,15,52
s16,s16_ex02_s02,s16_ex02_s02_epoch021,15,46
s16,s16_ex02_s02,s16_ex02_s02_epoch022,15,47
s16,s16_ex02_s02,s16_ex02_s02_epoch023,15,59
s16,s16_ex02_s03,s16_ex02_s03_epoch000,15,70
s16,s16_ex02_s03,s16_ex02_s03_epoch001,15,45
s16,s16_ex02_s03,s16_ex02_s03_epoch002,15,47
s16,s16_ex02_s03,s16_ex02_s03_epoch003,15,51
s16,s16_ex02_s03,s16_ex02_s03_epoch004,15,58
s16,s16_ex02_s03,s16_ex02_s03_epoch005,15,42
s16,s16_ex02_s03,s16_ex02_s03_epoch006,15,57
s16,s16_ex02_s03,s16_ex02_s03_epoch007,15,54
s16,s16_ex02_s03,s16_ex02_s03_epoch008,15,48
s16,s16_ex02_s03,s16_ex02_s03_epoch009,15,49
s16,s16_ex02_s03,s16_ex02_s03_epoch010,15,54
s16,s16_ex02_s03,s16_ex02_s03_epoch011,15,58
s16,s16_ex02_s03,s16_ex02_s03_epoch012,15,60
s16,s16_ex02_s03,s16_ex02_s03_epoch013,15,58
s16,s16_ex02_s03,s16_ex02_s03_epoch014,15,57
s16,s16_ex02_s03,s16_ex02_s03_epoch015,15,57
s16,s16_ex02_s03,s16_ex02_s03_epoch016,15,51
s16,s16_ex02_s03,s16_ex02_s03_epoch017,15,53
s16,s16_ex02_s03,s16_ex02_s03_epoch018,15,52
s16,s16_ex02_s03,s16_ex02_s03_epoch019,15,56
s16,s16_ex02_s03,s16_ex02_s03_epoch020,15,48
s16,s16_ex02_s03,s16_ex02_s03_epoch021,15,57
s16,s16_ex02_s03,s16_ex02_s03_epoch022,15,59
s16,s16_ex02_s03,s16_ex02_s03_epoch023,15,78
s16,s16_ex05,s16_ex05_epoch000,15,86
s16,s16_ex05,s16_ex05_epoch001,15,50
s16,s16_ex05,s16_ex05_epoch002,15,57
s16,s16_ex05,s16_ex05_epoch003,15,51
s16,s16_ex05,s16_ex05_epoch004,15,61
s16,s16_ex05,s16_ex05_epoch005,15,51
s16,s16_ex05,s16_ex05_epoch006,15,54
s16,s16_ex05,s16_ex05_epoch007,15,60
s16,s16_ex05,s16_ex05_epoch008,15,52
s16,s16_ex05,s16_ex05_epoch009,15,58
s16,s16_ex05,s16_ex05_epoch010,15,52
s16,s16_ex05,s16_ex05_epoch011,15,59
s16,s16_ex05,s16_ex05_epoch012,15,61
s16,s16_ex05,s16_ex05_epoch013,15,62
s16,s16_ex05,s16_ex05_epoch014,15,47
s16,s16_ex05,s16_ex05_epoch015,15,45
s16,s16_ex05,s16_ex05_epoch016,15,49
s16,s16_ex05,s16_ex05_epoch017,15,64
s16,s16_ex05,s16_ex05_epoch018,15,56
s16,s16_ex05,s16_ex05_epoch019,15,45
s16,s16_ex05,s16_ex05_epoch020,15,53
s16,s16_ex05,s16_ex05_epoch021,15,50
s16,s16_ex05,s16_ex05_epoch022,15,58
s16,s16_ex05,s16_ex05_epoch023,15,74
s16,s16_ex06,s16_ex06_epoch000,15,63
s16,s16_ex06,s16_ex06_epoch001,15,56
s16,s16_ex06,s16_ex06_epoch002,15,66
s16,s16_ex06,s16_ex06_epoch003,15,57
s16,s16_ex06,s16_ex06_epoch004,15,60
s16,s16_ex06,s16_ex06_epoch005,15,46
s16,s16_ex06,s16_ex06_epoch006,15,57
s16,s16_ex06,s16_ex06_epoch007,15,50
s16,s16_ex06,s16_ex06_epoch008,15,51
s16,s16_ex06,s16_ex06_epoch009,15,58
s16,s16_ex06,s16_ex06_epoch010,15,51
s16,s16_ex06,s16_ex06_epoch011,15,44
s16,s16_ex06,s16_ex06_epoch012,15,51
s16,s16_ex06,s16_ex06_epoch013,15,53
s16,s16_ex06,s16_ex06_epoch014,15,52
s16,s16_ex06,s16_ex06_epoch015,15,59
s16,s16_ex06,s16_ex06_epoch016,15,60
s16,s16_ex06,s16_ex06_epoch017,15,88
s16,s16_ex06,s16_ex06_epoch018,15,51
s16,s16_ex06,s16_ex06_epoch019,15,57
s16,s16_ex06,s16_ex06_epoch020,15,49
s16,s16_ex06,s16_ex06_epoch021,15,63
s16,s16_ex06,s16_ex06_epoch022,15,52
s16,s16_ex06,s16_ex06_epoch023,15,71
s16,s16_ex07,s16_ex07_epoch000,15,46
s16,s16_ex07,s16_ex07_epoch001,15,60
s16,s16_ex07,s16_ex07_epoch002,15,48
s16,s16_ex07,s16_ex07_epoch003,15,47
s16,s16_ex07,s16_ex07_epoch004,15,50
s16,s16_ex07,s16_ex07_epoch005,15,60
s16,s16_ex07,s16_ex07_epoch006,15,59
s16,s16_ex07,s16_ex07_epoch007,15,49
s16,s16_ex07,s16_ex07_epoch008,15,51
s16,s16_ex07,s16_ex07_epoch009,15,49
s16,s16_ex07,s16_ex07_epoch010,15,59
s16,s16_ex07,s16_ex07_epoch011,15,59
s16,s16_ex07,s16_ex07_epoch012,15,51
s16,s16_ex07,s16_ex07_epoch013,15,55
s16,s16_ex07,s16_ex07_epoch014,15,44
s16,s16_ex07,s16_ex07_epoch015,15,55
s16,s16_ex07,s16_ex07_epoch016,15,51
s16,s16_ex07,s16_ex07_epoch017,15,56
s16,s16_ex07,s16_ex07_epoch018,15,57
s16,s16_ex07,s16_ex07_epoch019,15,58
s16,s16_ex07,s16_ex07_epoch020,15,62
s16,s16_ex07,s16_ex07_epoch021,15,61
s16,s16_ex07,s16_ex07_epoch022,15,61
s16,s16_ex07,s16_ex07_epoch023,15,49
s16,s16_ex08,s16_ex08_epoch000,15,68
s16,s16_ex08,s16_ex08_epoch001,15,40
s16,s16_ex08,s16_ex08_epoch002,15,51
s16,s16_ex08,s16_ex08_epoch003,15,53
s16,s16_ex08,s16_ex08_epoch004,15,56
s16,s16_ex08,s16_ex08_epoch005,15,49
s16,s16_ex08,s16_ex08_epoch006,15,52
s16,s16_ex08,s16_ex08_epoch007,15,48
s16,s16_ex08,s16_ex08_epoch008,15,54
s16,s16_ex08,s16_ex08_epoch009,15,59
s16,s16_ex08,s16_ex08_epoch010,15,59
s16,s16_ex08,s16_ex08_epoch011,15,51
s16,s16_ex08,s16_ex08_epoch012,15,62
s16,s16_ex08,s16_ex08_epoch013,15,61
s16,s16_ex08,s16_ex08_epoch014,15,43
s16,s16_ex08,s16_ex08_epoch015,15,48
s16,s16_ex08,s16_ex08_epoch016,15,46
s16,s16_ex08,s16_ex08_epoch017,15,51
s16,s16_ex08,s16_ex08_epoch018,15,55
s16,s16_ex08,s16_ex08_epoch019,15,47
s16,s16_ex08,s16_ex08_epoch020,15,58
s16,s16_ex08,s16_ex08_epoch021,15,50
s16,s16_ex08,s16_ex08_epoch022,15,53
s16,s16_ex08,s16_ex08_epoch023,15,87
s16,s16_ex09,s16_ex09_epoch000,15,73
s16,s16_ex09,s16_ex09_epoch001,15,48
s16,s16_ex09,s16_ex09_epoch002,15,59
s16,s16_ex09,s16_ex09_epoch003,15,69
s16,s16_ex09,s16_ex09_epoch004,15,57
s16,s16_ex09,s16_ex09_epoch005,15,49
s16,s16_ex09,s16_ex09_epoch006,15,58
s16,s16_ex09,s16_ex09_epoch007,15,52
s16,s16_ex09,s16_ex09_epoch008,15,62
s16,s16_ex09,s16_ex09_epoch009,15,65
s16,s16_ex09,s16_ex09_epoch010,15,45
s16,s16_ex09,s16_ex09_epoch011,15,51
s16,s16_ex09,s16_ex09_epoch012,15,52
s16,s16_ex09,s16_ex09_epoch013,15,48
s16,s16_ex09,s16_ex09_epoch014,15,65
s16,s16_ex09,s16_ex09_epoch015,15,55
s16,s16_ex09,s16_ex09_epoch016,15,55
s16,s16_ex09,s16_ex09_epoch017,15,55
s16,s16_ex09,s16_ex09_epoch018,15,53
s16,s16_ex09,s16_ex09_epoch019,15,51
s16,s16_ex09,s16_ex09_epoch020,15,46
s16,s16_ex09,s16_ex09_epoch021,15,57
s16,s16_ex09,s16_ex09_epoch022,15,44
s16,s16_ex09,s16_ex09_epoch023,15,67
s16,s16_ex10,s16_ex10_epoch000,15,69
s16,s16_ex10,s16_ex10_epoch001,15,50
s16,s16_ex10,s16_ex10_epoch002,15,56
s16,s16_ex10,s16_ex10_epoch003,15,53
s16,s16_ex10,s16_ex10_epoch004,15,54
s16,s16_ex10,s16_ex10_epoch005,15,52
s16,s16_ex10,s16_ex10_epoch006,15,47
s16,s16_ex10,s16_ex10_epoch007,15,45
s16,s16_ex10,s16_ex10_epoch008,15,50
s16,s16_ex10,s16_ex10_epoch009,15,42
s16,s16_ex10,s16_ex10_epoch010,15,61
s16,s16_ex10,s16_ex10_epoch011,15,55
s16,s16_ex10,s16_ex10_epoch012,15,61
s16,s16_ex10,s16_ex10_epoch013,15,49
s16,s16_ex10,s16_ex10_epoch014,15,63
s16,s16_ex10,s16_ex10_epoch015,15,51
s16,s16_ex10,s16_ex10_epoch016,15,51
s16,s16_ex10,s16_ex10_epoch017,15,48
s16,s16_ex10,s16_ex10_epoch018,15,55
s16,s16_ex10,s16_ex10_epoch019,15,67
s16,s16_ex10,s16_ex10_epoch020,15,51
s16,s16_ex10,s16_ex10_epoch021,15,55
s16,s16_ex10,s16_ex10_epoch022,15,49
s16,s16_ex10,s16_ex10_epoch023,15,87
s17,s17_ex01_s01,s17_ex01_s01_epoch000,16,77
s17,s17_ex01_s01,s17_ex01_s01_epoch001,16,69
s17,s17_ex01_s01,s17_ex01_s01_epoch002,16,55
s17,s17_ex01_s01,s17_ex01_s01_epoch003,16,65
s17,s17_ex01_s01,s17_ex01_s01_epoch004,16,57
s17,s17_ex01_s01,s17_ex01_s01_epoch005,16,54
s17,s17_ex01_s01,s17_ex01_s01_epoch006,16,71
s17,s17_ex01_s01,s17_ex01_s01_epoch007,16,45
s17,s17_ex01_s01,s17_ex01_s01_epoch008,16,47
s17,s17_ex01_s01,s17_ex01_s01_epoch009,16,51
s17,s17_ex01_s01,s17_ex01_s01_epoch010,16,50
s17,s17_ex01_s01,s17_ex01_s01_epoch011,16,57
s17,s17_ex01_s01,s17_ex01_s01_epoch012,16,63
s17,s17_ex01_s01,s17_ex01_s01_epoch013,16,69
s17,s17_ex01_s01,s17_ex01_s01_epoch014,16,67
s17,s17_ex01_s01,s17_ex01_s01_epoch015,16,57
s17,s17_ex01_s01,s17_ex01_s01_epoch016,16,58
s17,s17_ex01_s01,s17_ex01_s01_epoch017,16,53
s17,s17_ex01_s01,s17_ex01_s01_epoch018,16,51
s17,s17_ex01_s01,s17_ex01_s01_epoch019,16,73
s17,s17_ex01_s01,s17_ex01_s01_epoch020,16,41
s17,s17_ex01_s01,s17_ex01_s01_epoch021,16,62
s17,s17_ex01_s01,s17_ex01_s01_epoch022,16,53
s17,s17_ex01_s01,s17_ex01_s01_epoch023,16,90
s17,s17_ex01_s02,s17_ex01_s02_epoch000,16,81
s17,s17_ex01_s02,s17_ex01_s02_epoch001,16,53
s17,s17_ex01_s02,s17_ex01_s02_epoch002,16,57
s17,s17_ex01_s02,s17_ex01_s02_epoch003,16,53
s17,s17_ex01_s02,s17_ex01_s02_epoch004,16,64
s17,s17_ex01_s02,s17_ex01_s02_epoch005,16,61
s17,s17_ex01_s02,s17_ex01_s02_epoch006,16,53
s17,s17_ex01_s02,s17_ex01_s02_epoch007,16,56
s17,s17_ex01_s02,s17_ex01_s02_epoch008,16,50
s17,s17_ex01_s02,s17_ex01_s02_epoch009,16,49
s17,s17_ex01_s02,s17_ex01_s02_epoch010,16,48
s17,s17_ex01_s02,s17_ex01_s02_epoch011,16,47
s17,s17_ex01_s02,s17_ex01_s02_epoch012,16,60
s17,s17_ex01_s02,s17_ex01_s02_epoch013,16,54
s17,s17_ex01_s02,s17_ex01_s02_epoch014,16,58
s17,s17_ex01_s02,s17_ex01_s02_epoch015,16,67
s17,s17_ex01_s02,s17_ex01_s02_epoch016,16,66
s17,s17_ex01_s02,s17_ex01_s02_epoch017,16,53
s17,s17_ex01_s02,s17_ex01_s02_epoch018,16,71
s17,s17_ex01_s02,s17_ex01_s02_epoch019,16,69
s17,s17_ex01_s02,s17_ex01_s02_epoch020,16,58
s17,s17_ex01_s02,s17_ex01_s02_epoch021,16,66
s17,s17_ex01_s02,s17_ex01_s02_epoch022,16,71
s17,s17_ex01_s02,s17_ex01_s02_epoch023,16,73
s17,s17_ex01_s03,s17_ex01_s03_epoch000,16,83
s17,s17_ex01_s03,s17_ex01_s03_epoch001,16,55
s17,s17_ex01_s03,s17_ex01_s03_epoch002,16,52
s17,s17_ex01_s03,s17_ex01_s03_epoch003,16,60
s17,s17_ex01_s03,s17_ex01_s03_epoch004,16,56
s17,s17_ex01_s03,s17_ex01_s03_epoch005,16,64
s17,s17_ex01_s03,s17_ex01_s03_epoch006,16,53
s17,s17_ex01_s03,s17_ex01_s03_epoch007,16,59
s17,s17_ex01_s03,s17_ex01_s03_epoch008,16,58
s17,s17_ex01_s03,s17_ex01_s03_epoch009,16,52
s17,s17_ex01_s03,s17_ex01_s03_epoch010,16,41
s17,s17_ex01_s03,s17_ex01_s03_epoch011,16,70
s17,s17_ex01_s03,s17_ex01_s03_epoch012,16,57
s17,s17_ex01_s03,s17_ex01_s03_epoch013,16,59
s17,s17_ex01_s03,s17_ex01_s03_epoch014,16,61
s17,s17_ex01_s03,s17_ex01_s03_epoch015,16,57
s17,s17_ex01_s03,s17_ex01_s03_epoch016,16,60
s17,s17_ex01_s03,s17_ex01_s03_epoch017,16,58
s17,s17_ex01_s03,s17_ex01_s03_epoch018,16,49
s17,s17_ex01_s03,s17_ex01_s03_epoch019,16,51
s17,s17_ex01_s03,s17_ex01_s03_epoch020,16,74
s17,s17_ex01_s03,s17_ex01_s03_epoch021,16,72
s17,s17_ex01_s03,s17_ex01_s03_epoch022,16,77
s17,s17_ex01_s03,s17_ex01_s03_epoch023,16,60
s17,s17_ex02_s01,s17_ex02_s01_epoch000,16,76
s17,s17_ex02_s01,s17_ex02_s01_epoch001,16,53
s17,s17_ex02_s01,s17_ex02_s01_epoch002,16,59
s17,s17_ex02_s01,s17_ex02_s01_epoch003,16,55
s17,s17_ex02_s01,s17_ex02_s01_epoch004,16,59
s17,s17_ex02_s01,s17_ex02_s01_epoch005,16,53
s17,s17_ex02_s01,s17_ex02_s01_epoch006,16,56
s17,s17_ex02_s01,s17_ex02_s01_epoch007,16,51
s17,s17_ex02_s01,s17_ex02_s01_epoch008,16,53
s17,s17_ex02_s01,s17_ex02_s01_epoch009,16,55
s17,s17_ex02_s01,s17_ex02_s01_epoch010,16,55
s17,s17_ex02_s01,s17_ex02_s01_epoch011,16,57
s17,s17_ex02_s01,s17_ex02_s01_epoch012,16,57
s17,s17_ex02_s01,s17_ex02_s01_epoch013,16,53
s17,s17_ex02_s01,s17_ex02_s01_epoch014,16,56
s17,s17_ex02_s01,s17_ex02_s01_epoch015,16,52
s17,s17_ex02_s01,s17_ex02_s01_epoch016,16,57
s17,s17_ex02_s01,s17_ex02_s01_epoch017,16,54
s17,s17_ex02_s01,s17_ex02_s01_epoch018,16,63
s17,s17_ex02_s01,s17_ex02_s01_epoch019,16,43
s17,s17_ex02_s01,s17_ex02_s01_epoch020,16,60
s17,s17_ex02_s01,s17_ex02_s01_epoch021,16,56
s17,s17_ex02_s01,s17_ex02_s01_epoch022,16,57
s17,s17_ex02_s01,s17_ex02_s01_epoch023,16,47
s17,s17_ex02_s02,s17_ex02_s02_epoch000,16,78
s17,s17_ex02_s02,s17_ex02_s02_epoch001,16,57
s17,s17_ex02_s02,s17_ex02_s02_epoch002,16,57
s17,s17_ex02_s02,s17_ex02_s02_epoch003,16,53
s17,s17_ex02_s02,s17_ex02_s02_epoch004,16,54
s17,s17_ex02_s02,s17_ex02_s02_epoch005,16,49
s17,s17_ex02_s02,s17_ex02_s02_epoch006,16,55
s17,s17_ex02_s02,s17_ex02_s02_epoch007,16,51
s17,s17_ex02_s02,s17_ex02_s02_epoch008,16,51
s17,s17_ex02_s02,s17_ex02_s02_epoch009,16,51
s17,s17_ex02_s02,s17_ex02_s02_epoch010,16,47
s17,s17_ex02_s02,s17_ex02_s02_epoch011,16,50
s17,s17_ex02_s02,s17_ex02_s02_epoch012,16,51
s17,s17_ex02_s02,s17_ex02_s02_epoch013,16,51
s17,s17_ex02_s02,s17_ex02_s02_epoch014,16,57
s17,s17_ex02_s02,s17_ex02_s02_epoch015,16,55
s17,s17_ex02_s02,s17_ex02_s02_epoch016,16,49
s17,s17_ex02_s02,s17_ex02_s02_epoch017,16,57
s17,s17_ex02_s02,s17_ex02_s02_epoch018,16,52
s17,s17_ex02_s02,s17_ex02_s02_epoch019,16,48
s17,s17_ex02_s02,s17_ex02_s02_epoch020,16,46
s17,s17_ex02_s02,s17_ex02_s02_epoch021,16,54
s17,s17_ex02_s02,s17_ex02_s02_epoch022,16,59
s17,s17_ex02_s02,s17_ex02_s02_epoch023,16,82
s17,s17_ex02_s03,s17_ex02_s03_epoch000,16,80
s17,s17_ex02_s03,s17_ex02_s03_epoch001,16,54
s17,s17_ex02_s03,s17_ex02_s03_epoch002,16,52
s17,s17_ex02_s03,s17_ex02_s03_epoch003,16,54
s17,s17_ex02_s03,s17_ex02_s03_epoch004,16,55
s17,s17_ex02_s03,s17_ex02_s03_epoch005,16,55
s17,s17_ex02_s03,s17_ex02_s03_epoch006,16,53
s17,s17_ex02_s03,s17_ex02_s03_epoch007,16,52
s17,s17_ex02_s03,s17_ex02_s03_epoch008,16,58
s17,s17_ex02_s03,s17_ex02_s03_epoch009,16,56
s17,s17_ex02_s03,s17_ex02_s03_epoch010,16,52
s17,s17_ex02_s03,s17_ex02_s03_epoch011,16,54
s17,s17_ex02_s03,s17_ex02_s03_epoch012,16,65
s17,s17_ex02_s03,s17_ex02_s03_epoch013,16,54
s17,s17_ex02_s03,s17_ex02_s03_epoch014,16,64
s17,s17_ex02_s03,s17_ex02_s03_epoch015,16,56
s17,s17_ex02_s03,s17_ex02_s03_epoch016,16,59
s17,s17_ex02_s03,s17_ex02_s03_epoch017,16,65
s17,s17_ex02_s03,s17_ex02_s03_epoch018,16,54
s17,s17_ex02_s03,s17_ex02_s03_epoch019,16,63
s17,s17_ex02_s03,s17_ex02_s03_epoch020,16,44
s17,s17_ex02_s03,s17_ex02_s03_epoch021,16,52
s17,s17_ex02_s03,s17_ex02_s03_epoch022,16,67
s17,s17_ex02_s03,s17_ex02_s03_epoch023,16,78
s17,s17_ex05,s17_ex05_epoch000,16,73
s17,s17_ex05,s17_ex05_epoch001,16,55
s17,s17_ex05,s17_ex05_epoch002,16,58
s17,s17_ex05,s17_ex05_epoch003,16,58
s17,s17_ex05,s17_ex05_epoch004,16,56
s17,s17_ex05,s17_ex05_epoch005,16,60
s17,s17_ex05,s17_ex05_epoch006,16,58
s17,s17_ex05,s17_ex05_epoch007,16,58
s17,s17_ex05,s17_ex05_epoch008,16,58
s17,s17_ex05,s17_ex05_epoch009,16,56
s17,s17_ex05,s17_ex05_epoch010,16,56
s17,s17_ex05,s17_ex05_epoch011,16,58
s17,s17_ex05,s17_ex05_epoch012,16,51
s17,s17_ex05,s17_ex05_epoch013,16,56
s17,s17_ex05,s17_ex05_epoch014,16,50
s17,s17_ex05,s17_ex05_epoch015,16,55
s17,s17_ex05,s17_ex05_epoch016,16,58
s17,s17_ex05,s17_ex05_epoch017,16,58
s17,s17_ex05,s17_ex05_epoch018,16,54
s17,s17_ex05,s17_ex05_epoch019,16,50
s17,s17_ex05,s17_ex05_epoch020,16,64
s17,s17_ex05,s17_ex05_epoch021,16,59
s17,s17_ex05,s17_ex05_epoch022,16,61
s17,s17_ex05,s17_ex05_epoch023,16,61
s17,s17_ex06,s17_ex06_epoch000,16,77
s17,s17_ex06,s17_ex06_epoch001,16,55
s17,s17_ex06,s17_ex06_epoch002,16,62
s17,s17_ex06,s17_ex06_epoch003,16,58
s17,s17_ex06,s17_ex06_epoch004,16,53
s17,s17_ex06,s17_ex06_epoch005,16,53
s17,s17_ex06,s17_ex06_epoch006,16,59
s17,s17_ex06,s17_ex06_epoch007,16,53
s17,s17_ex06,s17_ex06_epoch008,16,58
s17,s17_ex06,s17_ex06_epoch009,16,56
s17,s17_ex06,s17_ex06_epoch010,16,52
s17,s17_ex06,s17_ex06_epoch011,16,50
s17,s17_ex06,s17_ex06_epoch012,16,52
s17,s17_ex06,s17_ex06_epoch013,16,61
s17,s17_ex06,s17_ex06_epoch014,16,44
s17,s17_ex06,s17_ex06_epoch015,16,53
s17,s17_ex06,s17_ex06_epoch016,16,52
s17,s17_ex06,s17_ex06_epoch017,16,54
s17,s17_ex06,s17_ex06_epoch018,16,60
s17,s17_ex06,s17_ex06_epoch019,16,56
s17,s17_ex06,s17_ex06_epoch020,16,60
s17,s17_ex06,s17_ex06_epoch021,16,57
s17,s17_ex06,s17_ex06_epoch022,16,55
s17,s17_ex06,s17_ex06_epoch023,16,65
s17,s17_ex07,s17_ex07_epoch000,16,56
s17,s17_ex07,s17_ex07_epoch001,16,55
s17,s17_ex07,s17_ex07_epoch002,16,52
s17,s17_ex07,s17_ex07_epoch003,16,58
s17,s17_ex07,s17_ex07_epoch004,16,49
s17,s17_ex07,s17_ex07_epoch005,16,48
s17,s17_ex07,s17_ex07_epoch006,16,55
s17,s17_ex07,s17_ex07_epoch007,16,51
s17,s17_ex07,s17_ex07_epoch008,16,44
s17,s17_ex07,s17_ex07_epoch009,16,49
s17,s17_ex07,s17_ex07_epoch010,16,61
s17,s17_ex07,s17_ex07_epoch011,16,55
s17,s17_ex07,s17_ex07_epoch012,16,49
s17,s17_ex07,s17_ex07_epoch013,16,60
s17,s17_ex07,s17_ex07_epoch014,16,56
s17,s17_ex07,s17_ex07_epoch015,16,59
s17,s17_ex07,s17_ex07_epoch016,16,61
s17,s17_ex07,s17_ex07_epoch017,16,47
s17,s17_ex07,s17_ex07_epoch018,16,60
s17,s17_ex07,s17_ex07_epoch019,16,63
s17,s17_ex07,s17_ex07_epoch020,16,65
s17,s17_ex07,s17_ex07_epoch021,16,56
s17,s17_ex07,s17_ex07_epoch022,16,53
s17,s17_ex07,s17_ex07_epoch023,16,56
s17,s17_ex08,s17_ex08_epoch000,16,73
s17,s17_ex08,s17_ex08_epoch001,16,54
s17,s17_ex08,s17_ex08_epoch002,16,60
s17,s17_ex08,s17_ex08_epoch003,16,58
s17,s17_ex08,s17_ex08_epoch004,16,55
s17,s17_ex08,s17_ex08_epoch005,16,51
s17,s17_ex08,s17_ex08_epoch006,16,50
s17,s17_ex08,s17_ex08_epoch007,16,58
s17,s17_ex08,s17_ex08_epoch008,16,66
s17,s17_ex08,s17_ex08_epoch009,16,60
s17,s17_ex08,s17_ex08_epoch010,16,65
s17,s17_ex08,s17_ex08_epoch011,16,55
s17,s17_ex08,s17_ex08_epoch012,16,50
s17,s17_ex08,s17_ex08_epoch013,16,57
s17,s17_ex08,s17_ex08_epoch014,16,55
s17,s17_ex08,s17_ex08_epoch015,16,59
s17,s17_ex08,s17_ex08_epoch016,16,63
s17,s17_ex08,s17_ex08_epoch017,16,51
s17,s17_ex08,s17_ex08_epoch018,16,53
s17,s17_ex08,s17_ex08_epoch019,16,57
s17,s17_ex08,s17_ex08_epoch020,16,47
s17,s17_ex08,s17_ex08_epoch021,16,56
s17,s17_ex08,s17_ex08_epoch022,16,59
s17,s17_ex08,s17_ex08_epoch023,16,59
s17,s17_ex09,s17_ex09_epoch000,16,71
s17,s17_ex09,s17_ex09_epoch001,16,57
s17,s17_ex09,s17_ex09_epoch002,16,63
s17,s17_ex09,s17_ex09_epoch003,16,44
s17,s17_ex09,s17_ex09_epoch004,16,53
s17,s17_ex09,s17_ex09_epoch005,16,56
s17,s17_ex09,s17_ex09_epoch006,16,52
s17,s17_ex09,s17_ex09_epoch007,16,58
s17,s17_ex09,s17_ex09_epoch008,16,61
s17,s17_ex09,s17_ex09_epoch009,16,56
s17,s17_ex09,s17_ex09_epoch010,16,47
s17,s17_ex09,s17_ex09_epoch011,16,55
s17,s17_ex09,s17_ex09_epoch012,16,56
s17,s17_ex09,s17_ex09_epoch013,16,67
s17,s17_ex09,s17_ex09_epoch014,16,55
s17,s17_ex09,s17_ex09_epoch015,16,60
s17,s17_ex09,s17_ex09_epoch016,16,60
s17,s17_ex09,s17_ex09_epoch017,16,63
s17,s17_ex09,s17_ex09_epoch018,16,57
s17,s17_ex09,s17_ex09_epoch019,16,64
s17,s17_ex09,s17_ex09_epoch020,16,56
s17,s17_ex09,s17_ex09_epoch021,16,56
s17,s17_ex09,s17_ex09_epoch022,16,54
s17,s17_ex09,s17_ex09_epoch023,16,82
s17,s17_ex10,s17_ex10_epoch000,16,63
s17,s17_ex10,s17_ex10_epoch001,16,64
s17,s17_ex10,s17_ex10_epoch002,16,53
s17,s17_ex10,s17_ex10_epoch003,16,52
s17,s17_ex10,s17_ex10_epoch004,16,56
s17,s17_ex10,s17_ex10_epoch005,16,54
s17,s17_ex10,s17_ex10_epoch006,16,58
s17,s17_ex10,s17_ex10_epoch007,16,51
s17,s17_ex10,s17_ex10_epoch008,16,50
s17,s17_ex10,s17_ex10_epoch009,16,62
s17,s17_ex10,s17_ex10_epoch010,16,59
s17,s17_ex10,s17_ex10_epoch011,16,53
s17,s17_ex10,s17_ex10_epoch012,16,62
s17,s17_ex10,s17_ex10_epoch013,16,63
s17,s17_ex10,s17_ex10_epoch014,16,52
s17,s17_ex10,s17_ex10_epoch015,16,59
s17,s17_ex10,s17_ex10_epoch016,16,53
s17,s17_ex10,s17_ex10_epoch017,16,52
s17,s17_ex10,s17_ex10_epoch018,16,54
s17,s17_ex10,s17_ex10_epoch019,16,61
s17,s17_ex10,s17_ex10_epoch020,16,64
s17,s17_ex10,s17_ex10_epoch021,16,53
s17,s17_ex10,s17_ex10_epoch022,16,52
s17,s17_ex10,s17_ex10_epoch023,16,59
s17,s17_ex10,s17_ex10_epoch024,16,54
s17,s17_ex10,s17_ex10_epoch025,16,54
s17,s17_ex10,s17_ex10_epoch026,16,52
s17,s17_ex10,s17_ex10_epoch027,16,55
s18,s18_ex01_s01,s18_ex01_s01_epoch000,17,75
s18,s18_ex01_s01,s18_ex01_s01_epoch001,17,65
s18,s18_ex01_s01,s18_ex01_s01_epoch002,17,56
s18,s18_ex01_s01,s18_ex01_s01_epoch003,17,47
s18,s18_ex01_s01,s18_ex01_s01_epoch004,17,52
s18,s18_ex01_s01,s18_ex01_s01_epoch005,17,57
s18,s18_ex01_s01,s18_ex01_s01_epoch006,17,52
s18,s18_ex01_s01,s18_ex01_s01_epoch007,17,55
s18,s18_ex01_s01,s18_ex01_s01_epoch008,17,64
s18,s18_ex01_s01,s18_ex01_s01_epoch009,17,59
s18,s18_ex01_s01,s18_ex01_s01_epoch010,17,57
s18,s18_ex01_s01,s18_ex01_s01_epoch011,17,58
s18,s18_ex01_s01,s18_ex01_s01_epoch012,17,59
s18,s18_ex01_s01,s18_ex01_s01_epoch013,17,53
s18,s18_ex01_s01,s18_ex01_s01_epoch014,17,58
s18,s18_ex01_s01,s18_ex01_s01_epoch015,17,55
s18,s18_ex01_s01,s18_ex01_s01_epoch016,17,64
s18,s18_ex01_s01,s18_ex01_s01_epoch017,17,52
s18,s18_ex01_s01,s18_ex01_s01_epoch018,17,64
s18,s18_ex01_s01,s18_ex01_s01_epoch019,17,69
s18,s18_ex01_s01,s18_ex01_s01_epoch020,17,54
s18,s18_ex01_s01,s18_ex01_s01_epoch021,17,63
s18,s18_ex01_s01,s18_ex01_s01_epoch022,17,53
s18,s18_ex01_s01,s18_ex01_s01_epoch023,17,54
s18,s18_ex01_s02,s18_ex01_s02_epoch000,17,70
s18,s18_ex01_s02,s18_ex01_s02_epoch001,17,53
s18,s18_ex01_s02,s18_ex01_s02_epoch002,17,65
s18,s18_ex01_s02,s18_ex01_s02_epoch003,17,58
s18,s18_ex01_s02,s18_ex01_s02_epoch004,17,63
s18,s18_ex01_s02,s18_ex01_s02_epoch005,17,63
s18,s18_ex01_s02,s18_ex01_s02_epoch006,17,68
s18,s18_ex01_s02,s18_ex01_s02_epoch007,17,57
s18,s18_ex01_s02,s18_ex01_s02_epoch008,17,64
s18,s18_ex01_s02,s18_ex01_s02_epoch009,17,67
s18,s18_ex01_s02,s18_ex01_s02_epoch010,17,72
s18,s18_ex01_s02,s18_ex01_s02_epoch011,17,64
s18,s18_ex01_s02,s18_ex01_s02_epoch012,17,68
s18,s18_ex01_s02,s18_ex01_s02_epoch013,17,71
s18,s18_ex01_s02,s18_ex01_s02_epoch014,17,65
s18,s18_ex01_s02,s18_ex01_s02_epoch015,17,69
s18,s18_ex01_s02,s18_ex01_s02_epoch016,17,64
s18,s18_ex01_s02,s18_ex01_s02_epoch017,17,57
s18,s18_ex01_s02,s18_ex01_s02_epoch018,17,64
s18,s18_ex01_s02,s18_ex01_s02_epoch019,17,59
s18,s18_ex01_s02,s18_ex01_s02_epoch020,17,53
s18,s18_ex01_s02,s18_ex01_s02_epoch021,17,57
s18,s18_ex01_s02,s18_ex01_s02_epoch022,17,69
s18,s18_ex01_s02,s18_ex01_s02_epoch023,17,72
s18,s18_ex01_s03,s18_ex01_s03_epoch000,17,57
s18,s18_ex01_s03,s18_ex01_s03_epoch001,17,54
s18,s18_ex01_s03,s18_ex01_s03_epoch002,17,60
s18,s18_ex01_s03,s18_ex01_s03_epoch003,17,62
s18,s18_ex01_s03,s18_ex01_s03_epoch004,17,68
s18,s18_ex01_s03,s18_ex01_s03_epoch005,17,58
s18,s18_ex01_s03,s18_ex01_s03_epoch006,17,59
s18,s18_ex01_s03,s18_ex01_s03_epoch007,17,58
s18,s18_ex01_s03,s18_ex01_s03_epoch008,17,59
s18,s18_ex01_s03,s18_ex01_s03_epoch009,17,58
s18,s18_ex01_s03,s18_ex01_s03_epoch010,17,58
s18,s18_ex01_s03,s18_ex01_s03_epoch011,17,64
s18,s18_ex01_s03,s18_ex01_s03_epoch012,17,57
s18,s18_ex01_s03,s18_ex01_s03_epoch013,17,54
s18,s18_ex01_s03,s18_ex01_s03_epoch014,17,55
s18,s18_ex01_s03,s18_ex01_s03_epoch015,17,64
s18,s18_ex01_s03,s18_ex01_s03_epoch016,17,47
s18,s18_ex01_s03,s18_ex01_s03_epoch017,17,58
s18,s18_ex01_s03,s18_ex01_s03_epoch018,17,60
s18,s18_ex01_s03,s18_ex01_s03_epoch019,17,58
s18,s18_ex01_s03,s18_ex01_s03_epoch020,17,67
s18,s18_ex01_s03,s18_ex01_s03_epoch021,17,64
s18,s18_ex01_s03,s18_ex01_s03_epoch022,17,55
s18,s18_ex01_s03,s18_ex01_s03_epoch023,17,79
s18,s18_ex02_s01,s18_ex02_s01_epoch000,17,55
s18,s18_ex02_s01,s18_ex02_s01_epoch001,17,55
s18,s18_ex02_s01,s18_ex02_s01_epoch002,17,59
s18,s18_ex02_s01,s18_ex02_s01_epoch003,17,56
s18,s18_ex02_s01,s18_ex02_s01_epoch004,17,59
s18,s18_ex02_s01,s18_ex02_s01_epoch005,17,58
s18,s18_ex02_s01,s18_ex02_s01_epoch006,17,52
s18,s18_ex02_s01,s18_ex02_s01_epoch007,17,52
s18,s18_ex02_s01,s18_ex02_s01_epoch008,17,51
s18,s18_ex02_s01,s18_ex02_s01_epoch009,17,55
s18,s18_ex02_s01,s18_ex02_s01_epoch010,17,65
s18,s18_ex02_s01,s18_ex02_s01_epoch011,17,48
s18,s18_ex02_s01,s18_ex02_s01_epoch012,17,55
s18,s18_ex02_s01,s18_ex02_s01_epoch013,17,53
s18,s18_ex02_s01,s18_ex02_s01_epoch014,17,49
s18,s18_ex02_s01,s18_ex02_s01_epoch015,17,48
s18,s18_ex02_s01,s18_ex02_s01_epoch016,17,52
s18,s18_ex02_s01,s18_ex02_s01_epoch017,17,60
s18,s18_ex02_s01,s18_ex02_s01_epoch018,17,58
s18,s18_ex02_s01,s18_ex02_s01_epoch019,17,51
s18,s18_ex02_s01,s18_ex02_s01_epoch020,17,57
s18,s18_ex02_s01,s18_ex02_s01_epoch021,17,65
s18,s18_ex02_s01,s18_ex02_s01_epoch022,17,53
s18,s18_ex02_s01,s18_ex02_s01_epoch023,17,57
s18,s18_ex02_s02,s18_ex02_s02_epoch000,17,62
s18,s18_ex02_s02,s18_ex02_s02_epoch001,17,60
s18,s18_ex02_s02,s18_ex02_s02_epoch002,17,56
s18,s18_ex02_s02,s18_ex02_s02_epoch003,17,55
s18,s18_ex02_s02,s18_ex02_s02_epoch004,17,46
s18,s18_ex02_s02,s18_ex02_s02_epoch005,17,50
s18,s18_ex02_s02,s18_ex02_s02_epoch006,17,51
s18,s18_ex02_s02,s18_ex02_s02_epoch007,17,52
s18,s18_ex02_s02,s18_ex02_s02_epoch008,17,53
s18,s18_ex02_s02,s18_ex02_s02_epoch009,17,60
s18,s18_ex02_s02,s18_ex02_s02_epoch010,17,49
s18,s18_ex02_s02,s18_ex02_s02_epoch011,17,55
s18,s18_ex02_s02,s18_ex02_s02_epoch012,17,77
s18,s18_ex02_s02,s18_ex02_s02_epoch013,17,65
s18,s18_ex02_s02,s18_ex02_s02_epoch014,17,61
s18,s18_ex02_s02,s18_ex02_s02_epoch015,17,64
s18,s18_ex02_s02,s18_ex02_s02_epoch016,17,57
s18,s18_ex02_s02,s18_ex02_s02_epoch017,17,71
s18,s18_ex02_s02,s18_ex02_s02_epoch018,17,72
s18,s18_ex02_s02,s18_ex02_s02_epoch019,17,70
s18,s18_ex02_s02,s18_ex02_s02_epoch020,17,55
s18,s18_ex02_s02,s18_ex02_s02_epoch021,17,56
s18,s18_ex02_s02,s18_ex02_s02_epoch022,17,58
s18,s18_ex02_s02,s18_ex02_s02_epoch023,17,55
s18,s18_ex02_s03,s18_ex02_s03_epoch000,17,57
s18,s18_ex02_s03,s18_ex02_s03_epoch001,17,56
s18,s18_ex02_s03,s18_ex02_s03_epoch002,17,53
s18,s18_ex02_s03,s18_ex02_s03_epoch003,17,57
s18,s18_ex02_s03,s18_ex02_s03_epoch004,17,60
s18,s18_ex02_s03,s18_ex02_s03_epoch005,17,63
s18,s18_ex02_s03,s18_ex02_s03_epoch006,17,55
s18,s18_ex02_s03,s18_ex02_s03_epoch007,17,57
s18,s18_ex02_s03,s18_ex02_s03_epoch008,17,55
s18,s18_ex02_s03,s18_ex02_s03_epoch009,17,54
s18,s18_ex02_s03,s18_ex02_s03_epoch010,17,51
s18,s18_ex02_s03,s18_ex02_s03_epoch011,17,49
s18,s18_ex02_s03,s18_ex02_s03_epoch012,17,48
s18,s18_ex02_s03,s18_ex02_s03_epoch013,17,63
s18,s18_ex02_s03,s18_ex02_s03_epoch014,17,63
s18,s18_ex02_s03,s18_ex02_s03_epoch015,17,53
s18,s18_ex02_s03,s18_ex02_s03_epoch016,17,54
s18,s18_ex02_s03,s18_ex02_s03_epoch017,17,54
s18,s18_ex02_s03,s18_ex02_s03_epoch018,17,64
s18,s18_ex02_s03,s18_ex02_s03_epoch019,17,52
s18,s18_ex02_s03,s18_ex02_s03_epoch020,17,66
s18,s18_ex02_s03,s18_ex02_s03_epoch021,17,60
s18,s18_ex02_s03,s18_ex02_s03_epoch022,17,52
s18,s18_ex02_s03,s18_ex02_s03_epoch023,17,72
s18,s18_ex05,s18_ex05_epoch000,17,59
s18,s18_ex05,s18_ex05_epoch001,17,57
s18,s18_ex05,s18_ex05_epoch002,17,66
s18,s18_ex05,s18_ex05_epoch003,17,62
s18,s18_ex05,s18_ex05_epoch004,17,56
s18,s18_ex05,s18_ex05_epoch005,17,62
s18,s18_ex05,s18_ex05_epoch006,17,60
s18,s18_ex05,s18_ex05_epoch007,17,59
s18,s18_ex05,s18_ex05_epoch008,17,55
s18,s18_ex05,s18_ex05_epoch009,17,57
s18,s18_ex05,s18_ex05_epoch010,17,55
s18,s18_ex05,s18_ex05_epoch011,17,58
s18,s18_ex05,s18_ex05_epoch012,17,63
s18,s18_ex05,s18_ex05_epoch013,17,59
s18,s18_ex05,s18_ex05_epoch014,17,64
s18,s18_ex05,s18_ex05_epoch015,17,60
s18,s18_ex05,s18_ex05_epoch016,17,62
s18,s18_ex05,s18_ex05_epoch017,17,62
s18,s18_ex05,s18_ex05_epoch018,17,64
s18,s18_ex05,s18_ex05_epoch019,17,59
s18,s18_ex05,s18_ex05_epoch020,17,65
s18,s18_ex05,s18_ex05_epoch021,17,66
s18,s18_ex05,s18_ex05_epoch022,17,56
s18,s18_ex05,s18_ex05_epoch023,17,55
s18,s18_ex06,s18_ex06_epoch000,17,57
s18,s18_ex06,s18_ex06_epoch001,17,58
s18,s18_ex06,s18_ex06_epoch002,17,56
s18,s18_ex06,s18_ex06_epoch003,17,60
s18,s18_ex06,s18_ex06_epoch004,17,61
s18,s18_ex06,s18_ex06_epoch005,17,58
s18,s18_ex06,s18_ex06_epoch006,17,57
s18,s18_ex06,s18_ex06_epoch007,17,56
s18,s18_ex06,s18_ex06_epoch008,17,66
s18,s18_ex06,s18_ex06_epoch009,17,59
s18,s18_ex06,s18_ex06_epoch010,17,57
s18,s18_ex06,s18_ex06_epoch011,17,55
s18,s18_ex06,s18_ex06_epoch012,17,58
s18,s18_ex06,s18_ex06_epoch013,17,60
s18,s18_ex06,s18_ex06_epoch014,17,65
s18,s18_ex06,s18_ex06_epoch015,17,62
s18,s18_ex06,s18_ex06_epoch016,17,54
s18,s18_ex06,s18_ex06_epoch017,17,59
s18,s18_ex06,s18_ex06_epoch018,17,61
s18,s18_ex06,s18_ex06_epoch019,17,51
s18,s18_ex06,s18_ex06_epoch020,17,53
s18,s18_ex06,s18_ex06_epoch021,17,51
s18,s18_ex06,s18_ex06_epoch022,17,60
s18,s18_ex06,s18_ex06_epoch023,17,61
s18,s18_ex07,s18_ex07_epoch000,17,68
s18,s18_ex07,s18_ex07_epoch001,17,50
s18,s18_ex07,s18_ex07_epoch002,17,55
s18,s18_ex07,s18_ex07_epoch003,17,59
s18,s18_ex07,s18_ex07_epoch004,17,52
s18,s18_ex07,s18_ex07_epoch005,17,61
s18,s18_ex07,s18_ex07_epoch006,17,62
s18,s18_ex07,s18_ex07_epoch007,17,56
s18,s18_ex07,s18_ex07_epoch008,17,61
s18,s18_ex07,s18_ex07_epoch009,17,55
s18,s18_ex07,s18_ex07_epoch010,17,55
s18,s18_ex07,s18_ex07_epoch011,17,63
s18,s18_ex07,s18_ex07_epoch012,17,56
s18,s18_ex07,s18_ex07_epoch013,17,54
s18,s18_ex07,s18_ex07_epoch014,17,59
s18,s18_ex07,s18_ex07_epoch015,17,55
s18,s18_ex07,s18_ex07_epoch016,17,59
s18,s18_ex07,s18_ex07_epoch017,17,56
s18,s18_ex07,s18_ex07_epoch018,17,59
s18,s18_ex07,s18_ex07_epoch019,17,57
s18,s18_ex07,s18_ex07_epoch020,17,57
s18,s18_ex07,s18_ex07_epoch021,17,60
s18,s18_ex07,s18_ex07_epoch022,17,57
s18,s18_ex07,s18_ex07_epoch023,17,59
s18,s18_ex08,s18_ex08_epoch000,17,50
s18,s18_ex08,s18_ex08_epoch001,17,49
s18,s18_ex08,s18_ex08_epoch002,17,57
s18,s18_ex08,s18_ex08_epoch003,17,58
s18,s18_ex08,s18_ex08_epoch004,17,59
s18,s18_ex08,s18_ex08_epoch005,17,59
s18,s18_ex08,s18_ex08_epoch006,17,56
s18,s18_ex08,s18_ex08_epoch007,17,59
s18,s18_ex08,s18_ex08_epoch008,17,58
s18,s18_ex08,s18_ex08_epoch009,17,54
s18,s18_ex08,s18_ex08_epoch010,17,58
s18,s18_ex08,s18_ex08_epoch011,17,55
s18,s18_ex08,s18_ex08_epoch012,17,52
s18,s18_ex08,s18_ex08_epoch013,17,56
s18,s18_ex08,s18_ex08_epoch014,17,56
s18,s18_ex08,s18_ex08_epoch015,17,57
s18,s18_ex08,s18_ex08_epoch016,17,57
s18,s18_ex08,s18_ex08_epoch017,17,60
s18,s18_ex08,s18_ex08_epoch018,17,60
s18,s18_ex08,s18_ex08_epoch019,17,60
s18,s18_ex08,s18_ex08_epoch020,17,59
s18,s18_ex08,s18_ex08_epoch021,17,57
s18,s18_ex08,s18_ex08_epoch022,17,52
s18,s18_ex08,s18_ex08_epoch023,17,59
s18,s18_ex09,s18_ex09_epoch000,17,61
s18,s18_ex09,s18_ex09_epoch001,17,61
s18,s18_ex09,s18_ex09_epoch002,17,58
s18,s18_ex09,s18_ex09_epoch003,17,54
s18,s18_ex09,s18_ex09_epoch004,17,62
s18,s18_ex09,s18_ex09_epoch005,17,70
s18,s18_ex09,s18_ex09_epoch006,17,61
s18,s18_ex09,s18_ex09_epoch007,17,58
s18,s18_ex09,s18_ex09_epoch008,17,68
s18,s18_ex09,s18_ex09_epoch009,17,62
s18,s18_ex09,s18_ex09_epoch010,17,61
s18,s18_ex09,s18_ex09_epoch011,17,60
s18,s18_ex09,s18_ex09_epoch012,17,58
s18,s18_ex09,s18_ex09_epoch013,17,65
s18,s18_ex09,s18_ex09_epoch014,17,57
s18,s18_ex09,s18_ex09_epoch015,17,60
s18,s18_ex09,s18_ex09_epoch016,17,59
s18,s18_ex09,s18_ex09_epoch017,17,66
s18,s18_ex09,s18_ex09_epoch018,17,59
s18,s18_ex09,s18_ex09_epoch019,17,59
s18,s18_ex09,s18_ex09_epoch020,17,64
s18,s18_ex09,s18_ex09_epoch021,17,60
s18,s18_ex09,s18_ex09_epoch022,17,53
s18,s18_ex09,s18_ex09_epoch023,17,61
s18,s18_ex10,s18_ex10_epoch000,17,67
s18,s18_ex10,s18_ex10_epoch001,17,65
s18,s18_ex10,s18_ex10_epoch002,17,51
s18,s18_ex10,s18_ex10_epoch003,17,58
s18,s18_ex10,s18_ex10_epoch004,17,62
s18,s18_ex10,s18_ex10_epoch005,17,62
s18,s18_ex10,s18_ex10_epoch006,17,58
s18,s18_ex10,s18_ex10_epoch007,17,63
s18,s18_ex10,s18_ex10_epoch008,17,50
s18,s18_ex10,s18_ex10_epoch009,17,63
s18,s18_ex10,s18_ex10_epoch010,17,57
s18,s18_ex10,s18_ex10_epoch011,17,55
s18,s18_ex10,s18_ex10_epoch012,17,50
s18,s18_ex10,s18_ex10_epoch013,17,65
s18,s18_ex10,s18_ex10_epoch014,17,60
s18,s18_ex10,s18_ex10_epoch015,17,48
s18,s18_ex10,s18_ex10_epoch016,17,51
s18,s18_ex10,s18_ex10_epoch017,17,53
s18,s18_ex10,s18_ex10_epoch018,17,52
s18,s18_ex10,s18_ex10_epoch019,17,61
s18,s18_ex10,s18_ex10_epoch020,17,54
s18,s18_ex10,s18_ex10_epoch021,17,55
s18,s18_ex10,s18_ex10_epoch022,17,61
s18,s18_ex10,s18_ex10_epoch023,17,63
s19,s19_ex01_s01,s19_ex01_s01_epoch000,18,70
s19,s19_ex01_s01,s19_ex01_s01_epoch001,18,63
s19,s19_ex01_s01,s19_ex01_s01_epoch002,18,62
s19,s19_ex01_s01,s19_ex01_s01_epoch003,18,50
s19,s19_ex01_s01,s19_ex01_s01_epoch004,18,41
s19,s19_ex01_s01,s19_ex01_s01_epoch005,18,48
s19,s19_ex01_s01,s19_ex01_s01_epoch006,18,53
s19,s19_ex01_s01,s19_ex01_s01_epoch007,18,48
s19,s19_ex01_s01,s19_ex01_s01_epoch008,18,48
s19,s19_ex01_s01,s19_ex01_s01_epoch009,18,48
s19,s19_ex01_s01,s19_ex01_s01_epoch010,18,64
s19,s19_ex01_s01,s19_ex01_s01_epoch011,18,52
s19,s19_ex01_s01,s19_ex01_s01_epoch012,18,47
s19,s19_ex01_s01,s19_ex01_s01_epoch013,18,59
s19,s19_ex01_s01,s19_ex01_s01_epoch014,18,54
s19,s19_ex01_s01,s19_ex01_s01_epoch015,18,58
s19,s19_ex01_s01,s19_ex01_s01_epoch016,18,55
s19,s19_ex01_s01,s19_ex01_s01_epoch017,18,52
s19,s19_ex01_s01,s19_ex01_s01_epoch018,18,49
s19,s19_ex01_s01,s19_ex01_s01_epoch019,18,59
s19,s19_ex01_s01,s19_ex01_s01_epoch020,18,54
s19,s19_ex01_s01,s19_ex01_s01_epoch021,18,48
s19,s19_ex01_s01,s19_ex01_s01_epoch022,18,55
s19,s19_ex01_s01,s19_ex01_s01_epoch023,18,59
s19,s19_ex01_s02,s19_ex01_s02_epoch000,18,49
s19,s19_ex01_s02,s19_ex01_s02_epoch001,18,56
s19,s19_ex01_s02,s19_ex01_s02_epoch002,18,53
s19,s19_ex01_s02,s19_ex01_s02_epoch003,18,57
s19,s19_ex01_s02,s19_ex01_s02_epoch004,18,55
s19,s19_ex01_s02,s19_ex01_s02_epoch005,18,56
s19,s19_ex01_s02,s19_ex01_s02_epoch006,18,53
s19,s19_ex01_s02,s19_ex01_s02_epoch007,18,52
s19,s19_ex01_s02,s19_ex01_s02_epoch008,18,51
s19,s19_ex01_s02,s19_ex01_s02_epoch009,18,47
s19,s19_ex01_s02,s19_ex01_s02_epoch010,18,50
s19,s19_ex01_s02,s19_ex01_s02_epoch011,18,72
s19,s19_ex01_s02,s19_ex01_s02_epoch012,18,70
s19,s19_ex01_s02,s19_ex01_s02_epoch013,18,72
s19,s19_ex01_s02,s19_ex01_s02_epoch014,18,63
s19,s19_ex01_s02,s19_ex01_s02_epoch015,18,75
s19,s19_ex01_s02,s19_ex01_s02_epoch016,18,51
s19,s19_ex01_s02,s19_ex01_s02_epoch017,18,51
s19,s19_ex01_s02,s19_ex01_s02_epoch018,18,46
s19,s19_ex01_s02,s19_ex01_s02_epoch019,18,47
s19,s19_ex01_s02,s19_ex01_s02_epoch020,18,47
s19,s19_ex01_s02,s19_ex01_s02_epoch021,18,54
s19,s19_ex01_s02,s19_ex01_s02_epoch022,18,69
s19,s19_ex01_s02,s19_ex01_s02_epoch023,18,66
s19,s19_ex01_s03,s19_ex01_s03_epoch000,18,41
s19,s19_ex01_s03,s19_ex01_s03_epoch001,18,54
s19,s19_ex01_s03,s19_ex01_s03_epoch002,18,50
s19,s19_ex01_s03,s19_ex01_s03_epoch003,18,61
s19,s19_ex01_s03,s19_ex01_s03_epoch004,18,67
s19,s19_ex01_s03,s19_ex01_s03_epoch005,18,46
s19,s19_ex01_s03,s19_ex01_s03_epoch006,18,57
s19,s19_ex01_s03,s19_ex01_s03_epoch007,18,68
s19,s19_ex01_s03,s19_ex01_s03_epoch008,18,73
s19,s19_ex01_s03,s19_ex01_s03_epoch009,18,62
s19,s19_ex01_s03,s19_ex01_s03_epoch010,18,60
s19,s19_ex01_s03,s19_ex01_s03_epoch011,18,63
s19,s19_ex01_s03,s19_ex01_s03_epoch012,18,57
s19,s19_ex01_s03,s19_ex01_s03_epoch013,18,60
s19,s19_ex01_s03,s19_ex01_s03_epoch014,18,63
s19,s19_ex01_s03,s19_ex01_s03_epoch015,18,59
s19,s19_ex01_s03,s19_ex01_s03_epoch016,18,57
s19,s19_ex01_s03,s19_ex01_s03_epoch017,18,47
s19,s19_ex01_s03,s19_ex01_s03_epoch018,18,62
s19,s19_ex01_s03,s19_ex01_s03_epoch019,18,53
s19,s19_ex01_s03,s19_ex01_s03_epoch020,18,55
s19,s19_ex01_s03,s19_ex01_s03_epoch021,18,49
s19,s19_ex01_s03,s19_ex01_s03_epoch022,18,62
s19,s19_ex02_s01,s19_ex02_s01_epoch000,18,45
s19,s19_ex02_s01,s19_ex02_s01_epoch001,18,58
s19,s19_ex02_s01,s19_ex02_s01_epoch002,18,48
s19,s19_ex02_s01,s19_ex02_s01_epoch003,18,75
s19,s19_ex02_s01,s19_ex02_s01_epoch004,18,62
s19,s19_ex02_s01,s19_ex02_s01_epoch005,18,56
s19,s19_ex02_s01,s19_ex02_s01_epoch006,18,51
s19,s19_ex02_s01,s19_ex02_s01_epoch007,18,56
s19,s19_ex02_s01,s19_ex02_s01_epoch008,18,51
s19,s19_ex02_s01,s19_ex02_s01_epoch009,18,54
s19,s19_ex02_s01,s19_ex02_s01_epoch010,18,52
s19,s19_ex02_s01,s19_ex02_s01_epoch011,18,61
s19,s19_ex02_s01,s19_ex02_s01_epoch012,18,60
s19,s19_ex02_s01,s19_ex02_s01_epoch013,18,65
s19,s19_ex02_s01,s19_ex02_s01_epoch014,18,49
s19,s19_ex02_s01,s19_ex02_s01_epoch015,18,49
s19,s19_ex02_s01,s19_ex02_s01_epoch016,18,52
s19,s19_ex02_s01,s19_ex02_s01_epoch017,18,54
s19,s19_ex02_s01,s19_ex02_s01_epoch018,18,54
s19,s19_ex02_s01,s19_ex02_s01_epoch019,18,66
s19,s19_ex02_s01,s19_ex02_s01_epoch020,18,53
s19,s19_ex02_s01,s19_ex02_s01_epoch021,18,55
s19,s19_ex02_s01,s19_ex02_s01_epoch022,18,61
s19,s19_ex02_s01,s19_ex02_s01_epoch023,18,67
s19,s19_ex02_s02,s19_ex02_s02_epoch000,18,58
s19,s19_ex02_s02,s19_ex02_s02_epoch001,18,56
s19,s19_ex02_s02,s19_ex02_s02_epoch002,18,60
s19,s19_ex02_s02,s19_ex02_s02_epoch003,18,62
s19,s19_ex02_s02,s19_ex02_s02_epoch004,18,61
s19,s19_ex02_s02,s19_ex02_s02_epoch005,18,56
s19,s19_ex02_s02,s19_ex02_s02_epoch006,18,55
s19,s19_ex02_s02,s19_ex02_s02_epoch007,18,56
s19,s19_ex02_s02,s19_ex02_s02_epoch008,18,55
s19,s19_ex02_s02,s19_ex02_s02_epoch009,18,58
s19,s19_ex02_s02,s19_ex02_s02_epoch010,18,48
s19,s19_ex02_s02,s19_ex02_s02_epoch011,18,52
s19,s19_ex02_s02,s19_ex02_s02_epoch012,18,51
s19,s19_ex02_s02,s19_ex02_s02_epoch013,18,53
s19,s19_ex02_s02,s19_ex02_s02_epoch014,18,62
s19,s19_ex02_s02,s19_ex02_s02_epoch015,18,55
s19,s19_ex02_s02,s19_ex02_s02_epoch016,18,55
s19,s19_ex02_s02,s19_ex02_s02_epoch017,18,50
s19,s19_ex02_s02,s19_ex02_s02_epoch018,18,56
s19,s19_ex02_s02,s19_ex02_s02_epoch019,18,58
s19,s19_ex02_s02,s19_ex02_s02_epoch020,18,65
s19,s19_ex02_s02,s19_ex02_s02_epoch021,18,56
s19,s19_ex02_s02,s19_ex02_s02_epoch022,18,52
s19,s19_ex02_s02,s19_ex02_s02_epoch023,18,59
s19,s19_ex02_s03,s19_ex02_s03_epoch000,18,52
s19,s19_ex02_s03,s19_ex02_s03_epoch001,18,52
s19,s19_ex02_s03,s19_ex02_s03_epoch002,18,49
s19,s19_ex02_s03,s19_ex02_s03_epoch003,18,55
s19,s19_ex02_s03,s19_ex02_s03_epoch004,18,53
s19,s19_ex02_s03,s19_ex02_s03_epoch005,18,55
s19,s19_ex02_s03,s19_ex02_s03_epoch006,18,52
s19,s19_ex02_s03,s19_ex02_s03_epoch007,18,44
s19,s19_ex02_s03,s19_ex02_s03_epoch008,18,52
s19,s19_ex02_s03,s19_ex02_s03_epoch009,18,58
s19,s19_ex02_s03,s19_ex02_s03_epoch010,18,55
s19,s19_ex02_s03,s19_ex02_s03_epoch011,18,51
s19,s19_ex02_s03,s19_ex02_s03_epoch012,18,55
s19,s19_ex02_s03,s19_ex02_s03_epoch013,18,49
s19,s19_ex02_s03,s19_ex02_s03_epoch014,18,62
s19,s19_ex02_s03,s19_ex02_s03_epoch015,18,48
s19,s19_ex02_s03,s19_ex02_s03_epoch016,18,59
s19,s19_ex02_s03,s19_ex02_s03_epoch017,18,56
s19,s19_ex02_s03,s19_ex02_s03_epoch018,18,55
s19,s19_ex02_s03,s19_ex02_s03_epoch019,18,56
s19,s19_ex02_s03,s19_ex02_s03_epoch020,18,52
s19,s19_ex02_s03,s19_ex02_s03_epoch021,18,61
s19,s19_ex02_s03,s19_ex02_s03_epoch022,18,48
s19,s19_ex02_s03,s19_ex02_s03_epoch023,18,54
s19,s19_ex05,s19_ex05_epoch000,18,60
s19,s19_ex05,s19_ex05_epoch001,18,61
s19,s19_ex05,s19_ex05_epoch002,18,53
s19,s19_ex05,s19_ex05_epoch003,18,60
s19,s19_ex05,s19_ex05_epoch004,18,63
s19,s19_ex05,s19_ex05_epoch005,18,62
s19,s19_ex05,s19_ex05_epoch006,18,60
s19,s19_ex05,s19_ex05_epoch007,18,56
s19,s19_ex05,s19_ex05_epoch008,18,58
s19,s19_ex05,s19_ex05_epoch009,18,44
s19,s19_ex05,s19_ex05_epoch010,18,52
s19,s19_ex05,s19_ex05_epoch011,18,59
s19,s19_ex05,s19_ex05_epoch012,18,59
s19,s19_ex05,s19_ex05_epoch013,18,66
s19,s19_ex05,s19_ex05_epoch014,18,60
s19,s19_ex05,s19_ex05_epoch015,18,63
s19,s19_ex05,s19_ex05_epoch016,18,60
s19,s19_ex05,s19_ex05_epoch017,18,62
s19,s19_ex05,s19_ex05_epoch018,18,55
s19,s19_ex05,s19_ex05_epoch019,18,50
s19,s19_ex05,s19_ex05_epoch020,18,54
s19,s19_ex05,s19_ex05_epoch021,18,59
s19,s19_ex05,s19_ex05_epoch022,18,62
s19,s19_ex05,s19_ex05_epoch023,18,63
s19,s19_ex06,s19_ex06_epoch000,18,58
s19,s19_ex06,s19_ex06_epoch001,18,60
s19,s19_ex06,s19_ex06_epoch002,18,56
s19,s19_ex06,s19_ex06_epoch003,18,53
s19,s19_ex06,s19_ex06_epoch004,18,58
s19,s19_ex06,s19_ex06_epoch005,18,58
s19,s19_ex06,s19_ex06_epoch006,18,56
s19,s19_ex06,s19_ex06_epoch007,18,54
s19,s19_ex06,s19_ex06_epoch008,18,54
s19,s19_ex06,s19_ex06_epoch009,18,55
s19,s19_ex06,s19_ex06_epoch010,18,52
s19,s19_ex06,s19_ex06_epoch011,18,58
s19,s19_ex06,s19_ex06_epoch012,18,57
s19,s19_ex06,s19_ex06_epoch013,18,48
s19,s19_ex06,s19_ex06_epoch014,18,50
s19,s19_ex06,s19_ex06_epoch015,18,60
s19,s19_ex06,s19_ex06_epoch016,18,53
s19,s19_ex06,s19_ex06_epoch017,18,54
s19,s19_ex06,s19_ex06_epoch018,18,53
s19,s19_ex06,s19_ex06_epoch019,18,47
s19,s19_ex06,s19_ex06_epoch020,18,61
s19,s19_ex06,s19_ex06_epoch021,18,58
s19,s19_ex06,s19_ex06_epoch022,18,58
s19,s19_ex06,s19_ex06_epoch023,18,58
s19,s19_ex07,s19_ex07_epoch000,18,59
s19,s19_ex07,s19_ex07_epoch001,18,61
s19,s19_ex07,s19_ex07_epoch002,18,58
s19,s19_ex07,s19_ex07_epoch003,18,47
s19,s19_ex07,s19_ex07_epoch004,18,57
s19,s19_ex07,s19_ex07_epoch005,18,57
s19,s19_ex07,s19_ex07_epoch006,18,48
s19,s19_ex07,s19_ex07_epoch007,18,58
s19,s19_ex07,s19_ex07_epoch008,18,48
s19,s19_ex07,s19_ex07_epoch009,18,57
s19,s19_ex07,s19_ex07_epoch010,18,55
s19,s19_ex07,s19_ex07_epoch011,18,60
s19,s19_ex07,s19_ex07_epoch012,18,54
s19,s19_ex07,s19_ex07_epoch013,18,53
s19,s19_ex07,s19_ex07_epoch014,18,57
s19,s19_ex07,s19_ex07_epoch015,18,53
s19,s19_ex07,s19_ex07_epoch016,18,47
s19,s19_ex07,s19_ex07_epoch017,18,55
s19,s19_ex07,s19_ex07_epoch018,18,53
s19,s19_ex07,s19_ex07_epoch019,18,53
s19,s19_ex07,s19_ex07_epoch020,18,53
s19,s19_ex07,s19_ex07_epoch021,18,53
s19,s19_ex07,s19_ex07_epoch022,18,48
s19,s19_ex07,s19_ex07_epoch023,18,58
s19,s19_ex08,s19_ex08_epoch000,18,74
s19,s19_ex08,s19_ex08_epoch001,18,49
s19,s19_ex08,s19_ex08_epoch002,18,55
s19,s19_ex08,s19_ex08_epoch003,18,45
s19,s19_ex08,s19_ex08_epoch004,18,54
s19,s19_ex08,s19_ex08_epoch005,18,57
s19,s19_ex08,s19_ex08_epoch006,18,55
s19,s19_ex08,s19_ex08_epoch007,18,55
s19,s19_ex08,s19_ex08_epoch008,18,46
s19,s19_ex08,s19_ex08_epoch009,18,56
s19,s19_ex08,s19_ex08_epoch010,18,48
s19,s19_ex08,s19_ex08_epoch011,18,40
s19,s19_ex08,s19_ex08_epoch012,18,48
s19,s19_ex08,s19_ex08_epoch013,18,55
s19,s19_ex08,s19_ex08_epoch014,18,44
s19,s19_ex08,s19_ex08_epoch015,18,52
s19,s19_ex08,s19_ex08_epoch016,18,55
s19,s19_ex08,s19_ex08_epoch017,18,49
s19,s19_ex08,s19_ex08_epoch018,18,49
s19,s19_ex08,s19_ex08_epoch019,18,54
s19,s19_ex08,s19_ex08_epoch020,18,61
s19,s19_ex08,s19_ex08_epoch021,18,55
s19,s19_ex08,s19_ex08_epoch022,18,54
s19,s19_ex08,s19_ex08_epoch023,18,70
s19,s19_ex09,s19_ex09_epoch000,18,73
s19,s19_ex09,s19_ex09_epoch001,18,54
s19,s19_ex09,s19_ex09_epoch002,18,61
s19,s19_ex09,s19_ex09_epoch003,18,58
s19,s19_ex09,s19_ex09_epoch004,18,55
s19,s19_ex09,s19_ex09_epoch005,18,60
s19,s19_ex09,s19_ex09_epoch006,18,49
s19,s19_ex09,s19_ex09_epoch007,18,60
s19,s19_ex09,s19_ex09_epoch008,18,49
s19,s19_ex09,s19_ex09_epoch009,18,76
s19,s19_ex09,s19_ex09_epoch010,18,54
s19,s19_ex09,s19_ex09_epoch011,18,53
s19,s19_ex09,s19_ex09_epoch012,18,56
s19,s19_ex09,s19_ex09_epoch013,18,59
s19,s19_ex09,s19_ex09_epoch014,18,58
s19,s19_ex09,s19_ex09_epoch015,18,57
s19,s19_ex09,s19_ex09_epoch016,18,51
s19,s19_ex09,s19_ex09_epoch017,18,62
s19,s19_ex09,s19_ex09_epoch018,18,54
s19,s19_ex09,s19_ex09_epoch019,18,54
s19,s19_ex09,s19_ex09_epoch020,18,55
s19,s19_ex09,s19_ex09_epoch021,18,56
s19,s19_ex09,s19_ex09_epoch022,18,57
s19,s19_ex09,s19_ex09_epoch023,18,76
s19,s19_ex10,s19_ex10_epoch000,18,72
s19,s19_ex10,s19_ex10_epoch001,18,55
s19,s19_ex10,s19_ex10_epoch002,18,55
s19,s19_ex10,s19_ex10_epoch003,18,59
s19,s19_ex10,s19_ex10_epoch004,18,57
s19,s19_ex10,s19_ex10_epoch005,18,91
s19,s19_ex10,s19_ex10_epoch006,18,54
s19,s19_ex10,s19_ex10_epoch007,18,52
s19,s19_ex10,s19_ex10_epoch008,18,52
s19,s19_ex10,s19_ex10_epoch009,18,48
s19,s19_ex10,s19_ex10_epoch010,18,50
s19,s19_ex10,s19_ex10_epoch011,18,54
s19,s19_ex10,s19_ex10_epoch012,18,52
s19,s19_ex10,s19_ex10_epoch013,18,55
s19,s19_ex10,s19_ex10_epoch014,18,51
s19,s19_ex10,s19_ex10_epoch015,18,50
s19,s19_ex10,s19_ex10_epoch016,18,47
s19,s19_ex10,s19_ex10_epoch017,18,53
s19,s19_ex10,s19_ex10_epoch018,18,47
s19,s19_ex10,s19_ex10_epoch019,18,55
s19,s19_ex10,s19_ex10_epoch020,18,58
s19,s19_ex10,s19_ex10_epoch021,18,54
s19,s19_ex10,s19_ex10_epoch022,18,56
s19,s19_ex10,s19_ex10_epoch023,18,77
s20,s20_ex01_s01,s20_ex01_s01_epoch000,19,71
s20,s20_ex01_s01,s20_ex01_s01_epoch001,19,77
s20,s20_ex01_s01,s20_ex01_s01_epoch002,19,61
s20,s20_ex01_s01,s20_ex01_s01_epoch003,19,67
s20,s20_ex01_s01,s20_ex01_s01_epoch004,19,51
s20,s20_ex01_s01,s20_ex01_s01_epoch005,19,43
s20,s20_ex01_s01,s20_ex01_s01_epoch006,19,42
s20,s20_ex01_s01,s20_ex01_s01_epoch007,19,61
s20,s20_ex01_s01,s20_ex01_s01_epoch008,19,75
s20,s20_ex01_s01,s20_ex01_s01_epoch009,19,71
s20,s20_ex01_s01,s20_ex01_s01_epoch010,19,42
s20,s20_ex01_s01,s20_ex01_s01_epoch011,19,41
s20,s20_ex01_s01,s20_ex01_s01_epoch012,19,42
s20,s20_ex01_s01,s20_ex01_s01_epoch013,19,49
s20,s20_ex01_s01,s20_ex01_s01_epoch014,19,65
s20,s20_ex01_s01,s20_ex01_s01_epoch015,19,50
s20,s20_ex01_s01,s20_ex01_s01_epoch016,19,55
s20,s20_ex01_s01,s20_ex01_s01_epoch017,19,47
s20,s20_ex01_s01,s20_ex01_s01_epoch018,19,48
s20,s20_ex01_s01,s20_ex01_s01_epoch019,19,58
s20,s20_ex01_s01,s20_ex01_s01_epoch020,19,40
s20,s20_ex01_s01,s20_ex01_s01_epoch021,19,49
s20,s20_ex01_s01,s20_ex01_s01_epoch022,19,51
s20,s20_ex01_s01,s20_ex01_s01_epoch023,19,93
s20,s20_ex01_s02,s20_ex01_s02_epoch000,19,80
s20,s20_ex01_s02,s20_ex01_s02_epoch001,19,63
s20,s20_ex01_s02,s20_ex01_s02_epoch002,19,67
s20,s20_ex01_s02,s20_ex01_s02_epoch003,19,48
s20,s20_ex01_s02,s20_ex01_s02_epoch004,19,58
s20,s20_ex01_s02,s20_ex01_s02_epoch005,19,58
s20,s20_ex01_s02,s20_ex01_s02_epoch006,19,41
s20,s20_ex01_s02,s20_ex01_s02_epoch007,19,57
s20,s20_ex01_s02,s20_ex01_s02_epoch008,19,69
s20,s20_ex01_s02,s20_ex01_s02_epoch009,19,55
s20,s20_ex01_s02,s20_ex01_s02_epoch010,19,61
s20,s20_ex01_s02,s20_ex01_s02_epoch011,19,48
s20,s20_ex01_s02,s20_ex01_s02_epoch012,19,43
s20,s20_ex01_s02,s20_ex01_s02_epoch013,19,46
s20,s20_ex01_s02,s20_ex01_s02_epoch014,19,43
s20,s20_ex01_s02,s20_ex01_s02_epoch015,19,43
s20,s20_ex01_s02,s20_ex01_s02_epoch016,19,38
s20,s20_ex01_s02,s20_ex01_s02_epoch017,19,53
s20,s20_ex01_s02,s20_ex01_s02_epoch018,19,48
s20,s20_ex01_s02,s20_ex01_s02_epoch019,19,54
s20,s20_ex01_s02,s20_ex01_s02_epoch020,19,65
s20,s20_ex01_s02,s20_ex01_s02_epoch021,19,59
s20,s20_ex01_s02,s20_ex01_s02_epoch022,19,46
s20,s20_ex01_s02,s20_ex01_s02_epoch023,19,93
s20,s20_ex01_s03,s20_ex01_s03_epoch000,19,91
s20,s20_ex01_s03,s20_ex01_s03_epoch001,19,64
s20,s20_ex01_s03,s20_ex01_s03_epoch002,19,63
s20,s20_ex01_s03,s20_ex01_s03_epoch003,19,53
s20,s20_ex01_s03,s20_ex01_s03_epoch004,19,42
s20,s20_ex01_s03,s20_ex01_s03_epoch005,19,77
s20,s20_ex01_s03,s20_ex01_s03_epoch006,19,53
s20,s20_ex01_s03,s20_ex01_s03_epoch007,19,50
s20,s20_ex01_s03,s20_ex01_s03_epoch008,19,60
s20,s20_ex01_s03,s20_ex01_s03_epoch009,19,69
s20,s20_ex01_s03,s20_ex01_s03_epoch010,19,46
s20,s20_ex01_s03,s20_ex01_s03_epoch011,19,45
s20,s20_ex01_s03,s20_ex01_s03_epoch012,19,50
s20,s20_ex01_s03,s20_ex01_s03_epoch013,19,49
s20,s20_ex02_s01,s20_ex02_s01_epoch000,19,84
s20,s20_ex02_s01,s20_ex02_s01_epoch001,19,60
s20,s20_ex02_s01,s20_ex02_s01_epoch002,19,47
s20,s20_ex02_s01,s20_ex02_s01_epoch003,19,58
s20,s20_ex02_s01,s20_ex02_s01_epoch004,19,47
s20,s20_ex02_s01,s20_ex02_s01_epoch005,19,58
s20,s20_ex02_s01,s20_ex02_s01_epoch006,19,55
s20,s20_ex02_s01,s20_ex02_s01_epoch007,19,48
s20,s20_ex02_s01,s20_ex02_s01_epoch008,19,60
s20,s20_ex02_s01,s20_ex02_s01_epoch009,19,50
s20,s20_ex02_s01,s20_ex02_s01_epoch010,19,48
s20,s20_ex02_s01,s20_ex02_s01_epoch011,19,56
s20,s20_ex02_s01,s20_ex02_s01_epoch012,19,46
s20,s20_ex02_s01,s20_ex02_s01_epoch013,19,37
s20,s20_ex02_s01,s20_ex02_s01_epoch014,19,49
s20,s20_ex02_s01,s20_ex02_s01_epoch015,19,56
s20,s20_ex02_s01,s20_ex02_s01_epoch016,19,51
s20,s20_ex02_s01,s20_ex02_s01_epoch017,19,47
s20,s20_ex02_s01,s20_ex02_s01_epoch018,19,45
s20,s20_ex02_s01,s20_ex02_s01_epoch019,19,47
s20,s20_ex02_s01,s20_ex02_s01_epoch020,19,39
s20,s20_ex02_s01,s20_ex02_s01_epoch021,19,50
s20,s20_ex02_s01,s20_ex02_s01_epoch022,19,59
s20,s20_ex02_s01,s20_ex02_s01_epoch023,19,90
s20,s20_ex02_s02,s20_ex02_s02_epoch000,19,74
s20,s20_ex02_s02,s20_ex02_s02_epoch001,19,56
s20,s20_ex02_s02,s20_ex02_s02_epoch002,19,59
s20,s20_ex02_s02,s20_ex02_s02_epoch003,19,45
s20,s20_ex02_s02,s20_ex02_s02_epoch004,19,51
s20,s20_ex02_s02,s20_ex02_s02_epoch005,19,39
s20,s20_ex02_s02,s20_ex02_s02_epoch006,19,42
s20,s20_ex02_s02,s20_ex02_s02_epoch007,19,48
s20,s20_ex02_s02,s20_ex02_s02_epoch008,19,60
s20,s20_ex02_s02,s20_ex02_s02_epoch009,19,60
s20,s20_ex02_s02,s20_ex02_s02_epoch010,19,46
s20,s20_ex02_s02,s20_ex02_s02_epoch011,19,46
s20,s20_ex02_s02,s20_ex02_s02_epoch012,19,50
s20,s20_ex02_s02,s20_ex02_s02_epoch013,19,40
s20,s20_ex02_s02,s20_ex02_s02_epoch014,19,47
s20,s20_ex02_s02,s20_ex02_s02_epoch015,19,45
s20,s20_ex02_s02,s20_ex02_s02_epoch016,19,46
s20,s20_ex02_s02,s20_ex02_s02_epoch017,19,53
s20,s20_ex02_s02,s20_ex02_s02_epoch018,19,60
s20,s20_ex02_s02,s20_ex02_s02_epoch019,19,49
s20,s20_ex02_s02,s20_ex02_s02_epoch020,19,47
s20,s20_ex02_s02,s20_ex02_s02_epoch021,19,41
s20,s20_ex02_s02,s20_ex02_s02_epoch022,19,44
s20,s20_ex02_s02,s20_ex02_s02_epoch023,19,55
s20,s20_ex02_s03,s20_ex02_s03_epoch000,19,90
s20,s20_ex02_s03,s20_ex02_s03_epoch001,19,50
s20,s20_ex02_s03,s20_ex02_s03_epoch002,19,39
s20,s20_ex02_s03,s20_ex02_s03_epoch003,19,58
s20,s20_ex02_s03,s20_ex02_s03_epoch004,19,41
s20,s20_ex02_s03,s20_ex02_s03_epoch005,19,42
s20,s20_ex02_s03,s20_ex02_s03_epoch006,19,42
s20,s20_ex02_s03,s20_ex02_s03_epoch007,19,51
s20,s20_ex02_s03,s20_ex02_s03_epoch008,19,61
s20,s20_ex02_s03,s20_ex02_s03_epoch009,19,43
s20,s20_ex02_s03,s20_ex02_s03_epoch010,19,50
s20,s20_ex02_s03,s20_ex02_s03_epoch011,19,53
s20,s20_ex02_s03,s20_ex02_s03_epoch012,19,39
s20,s20_ex02_s03,s20_ex02_s03_epoch013,19,44
s20,s20_ex02_s03,s20_ex02_s03_epoch014,19,54
s20,s20_ex02_s03,s20_ex02_s03_epoch015,19,52
s20,s20_ex02_s03,s20_ex02_s03_epoch016,19,49
s20,s20_ex02_s03,s20_ex02_s03_epoch017,19,46
s20,s20_ex02_s03,s20_ex02_s03_epoch018,19,45
s20,s20_ex02_s03,s20_ex02_s03_epoch019,19,44
s20,s20_ex02_s03,s20_ex02_s03_epoch020,19,42
s20,s20_ex02_s03,s20_ex02_s03_epoch021,19,41
s20,s20_ex02_s03,s20_ex02_s03_epoch022,19,38
s20,s20_ex02_s03,s20_ex02_s03_epoch023,19,69
s20,s20_ex05,s20_ex05_epoch000,19,87
s20,s20_ex05,s20_ex05_epoch001,19,44
s20,s20_ex05,s20_ex05_epoch002,19,44
s20,s20_ex05,s20_ex05_epoch003,19,49
s20,s20_ex05,s20_ex05_epoch004,19,62
s20,s20_ex05,s20_ex05_epoch005,19,49
s20,s20_ex05,s20_ex05_epoch006,19,54
s20,s20_ex05,s20_ex05_epoch007,19,46
s20,s20_ex05,s20_ex05_epoch008,19,62
s20,s20_ex05,s20_ex05_epoch009,19,66
s20,s20_ex05,s20_ex05_epoch010,19,57
s20,s20_ex05,s20_ex05_epoch011,19,59
s20,s20_ex05,s20_ex05_epoch012,19,64
s20,s20_ex05,s20_ex05_epoch013,19,55
s20,s20_ex05,s20_ex05_epoch014,19,54
s20,s20_ex05,s20_ex05_epoch015,19,49
s20,s20_ex05,s20_ex05_epoch016,19,56
s20,s20_ex05,s20_ex05_epoch017,19,54
s20,s20_ex05,s20_ex05_epoch018,19,53
s20,s20_ex05,s20_ex05_epoch019,19,48
s20,s20_ex05,s20_ex05_epoch020,19,47
s20,s20_ex05,s20_ex05_epoch021,19,63
s20,s20_ex05,s20_ex05_epoch022,19,52
s20,s20_ex05,s20_ex05_epoch023,19,88
s20,s20_ex06,s20_ex06_epoch000,19,79
s20,s20_ex06,s20_ex06_epoch001,19,63
s20,s20_ex06,s20_ex06_epoch002,19,57
s20,s20_ex06,s20_ex06_epoch003,19,67
s20,s20_ex06,s20_ex06_epoch004,19,56
s20,s20_ex06,s20_ex06_epoch005,19,64
s20,s20_ex06,s20_ex06_epoch006,19,37
s20,s20_ex06,s20_ex06_epoch007,19,65
s20,s20_ex06,s20_ex06_epoch008,19,56
s20,s20_ex06,s20_ex06_epoch009,19,57
s20,s20_ex06,s20_ex06_epoch010,19,47
s20,s20_ex06,s20_ex06_epoch011,19,51
s20,s20_ex06,s20_ex06_epoch012,19,31
s20,s20_ex06,s20_ex06_epoch013,19,52
s20,s20_ex06,s20_ex06_epoch014,19,47
s20,s20_ex06,s20_ex06_epoch015,19,53
s20,s20_ex06,s20_ex06_epoch016,19,57
s20,s20_ex06,s20_ex06_epoch017,19,59
s20,s20_ex06,s20_ex06_epoch018,19,58
s20,s20_ex06,s20_ex06_epoch019,19,64
s20,s20_ex06,s20_ex06_epoch020,19,60
s20,s20_ex06,s20_ex06_epoch021,19,60
s20,s20_ex06,s20_ex06_epoch022,19,64
s20,s20_ex06,s20_ex06_epoch023,19,88
s20,s20_ex07,s20_ex07_epoch000,19,82
s20,s20_ex07,s20_ex07_epoch001,19,45
s20,s20_ex07,s20_ex07_epoch002,19,49
s20,s20_ex07,s20_ex07_epoch003,19,52
s20,s20_ex07,s20_ex07_epoch004,19,56
s20,s20_ex07,s20_ex07_epoch005,19,44
s20,s20_ex07,s20_ex07_epoch006,19,50
s20,s20_ex07,s20_ex07_epoch007,19,40
s20,s20_ex07,s20_ex07_epoch008,19,54
s20,s20_ex07,s20_ex07_epoch009,19,37
s20,s20_ex07,s20_ex07_epoch010,19,58
s20,s20_ex07,s20_ex07_epoch011,19,53
s20,s20_ex07,s20_ex07_epoch012,19,59
s20,s20_ex07,s20_ex07_epoch013,19,57
s20,s20_ex07,s20_ex07_epoch014,19,60
s20,s20_ex07,s20_ex07_epoch015,19,43
s20,s20_ex07,s20_ex07_epoch016,19,40
s20,s20_ex07,s20_ex07_epoch017,19,52
s20,s20_ex07,s20_ex07_epoch018,19,49
s20,s20_ex07,s20_ex07_epoch019,19,44
s20,s20_ex07,s20_ex07_epoch020,19,48
s20,s20_ex07,s20_ex07_epoch021,19,42
s20,s20_ex07,s20_ex07_epoch022,19,37
s20,s20_ex07,s20_ex07_epoch023,19,87
s20,s20_ex08,s20_ex08_epoch000,19,79
s20,s20_ex08,s20_ex08_epoch001,19,53
s20,s20_ex08,s20_ex08_epoch002,19,54
s20,s20_ex08,s20_ex08_epoch003,19,71
s20,s20_ex08,s20_ex08_epoch004,19,59
s20,s20_ex08,s20_ex08_epoch005,19,48
s20,s20_ex08,s20_ex08_epoch006,19,54
s20,s20_ex08,s20_ex08_epoch007,19,40
s20,s20_ex08,s20_ex08_epoch008,19,45
s20,s20_ex08,s20_ex08_epoch009,19,50
s20,s20_ex08,s20_ex08_epoch010,19,52
s20,s20_ex08,s20_ex08_epoch011,19,55
s20,s20_ex08,s20_ex08_epoch012,19,52
s20,s20_ex08,s20_ex08_epoch013,19,60
s20,s20_ex08,s20_ex08_epoch014,19,54
s20,s20_ex08,s20_ex08_epoch015,19,53
s20,s20_ex08,s20_ex08_epoch016,19,42
s20,s20_ex08,s20_ex08_epoch017,19,46
s20,s20_ex08,s20_ex08_epoch018,19,37
s20,s20_ex08,s20_ex08_epoch019,19,38
s20,s20_ex08,s20_ex08_epoch020,19,42
s20,s20_ex08,s20_ex08_epoch021,19,57
s20,s20_ex08,s20_ex08_epoch022,19,61
s20,s20_ex08,s20_ex08_epoch023,19,94
s20,s20_ex09,s20_ex09_epoch000,19,81
s20,s20_ex09,s20_ex09_epoch001,19,38
s20,s20_ex09,s20_ex09_epoch002,19,43
s20,s20_ex09,s20_ex09_epoch003,19,46
s20,s20_ex09,s20_ex09_epoch004,19,50
s20,s20_ex09,s20_ex09_epoch005,19,57
s20,s20_ex09,s20_ex09_epoch006,19,63
s20,s20_ex09,s20_ex09_epoch007,19,61
s20,s20_ex09,s20_ex09_epoch008,19,48
s20,s20_ex09,s20_ex09_epoch009,19,53
s20,s20_ex09,s20_ex09_epoch010,19,52
s20,s20_ex09,s20_ex09_epoch011,19,46
s20,s20_ex09,s20_ex09_epoch012,19,53
s20,s20_ex09,s20_ex09_epoch013,19,51
s20,s20_ex09,s20_ex09_epoch014,19,46
s20,s20_ex09,s20_ex09_epoch015,19,27
s20,s20_ex09,s20_ex09_epoch016,19,57
s20,s20_ex09,s20_ex09_epoch017,19,45
s20,s20_ex09,s20_ex09_epoch018,19,48
s20,s20_ex09,s20_ex09_epoch019,19,47
s20,s20_ex09,s20_ex09_epoch020,19,48
s20,s20_ex09,s20_ex09_epoch021,19,63
s20,s20_ex09,s20_ex09_epoch022,19,64
s20,s20_ex09,s20_ex09_epoch023,19,62
s20,s20_ex10,s20_ex10_epoch000,19,79
s20,s20_ex10,s20_ex10_epoch001,19,51
s20,s20_ex10,s20_ex10_epoch002,19,37
s20,s20_ex10,s20_ex10_epoch003,19,41
s20,s20_ex10,s20_ex10_epoch004,19,47
s20,s20_ex10,s20_ex10_epoch005,19,51
s20,s20_ex10,s20_ex10_epoch006,19,67
s20,s20_ex10,s20_ex10_epoch007,19,46
s20,s20_ex10,s20_ex10_epoch008,19,45
s20,s20_ex10,s20_ex10_epoch009,19,47
s20,s20_ex10,s20_ex10_epoch010,19,65
s20,s20_ex10,s20_ex10_epoch011,19,64
s20,s20_ex10,s20_ex10_epoch012,19,59
s20,s20_ex10,s20_ex10_epoch013,19,47
s20,s20_ex10,s20_ex10_epoch014,19,44
s20,s20_ex10,s20_ex10_epoch015,19,47
s20,s20_ex10,s20_ex10_epoch016,19,52
s20,s20_ex10,s20_ex10_epoch017,19,41
s20,s20_ex10,s20_ex10_epoch018,19,49
s20,s20_ex10,s20_ex10_epoch019,19,46
s20,s20_ex10,s20_ex10_epoch020,19,51
s20,s20_ex10,s20_ex10_epoch021,19,55
s20,s20_ex10,s20_ex10_epoch022,19,67
s20,s20_ex10,s20_ex10_epoch023,19,91
